datetime,F0-Xc,F0-Yc,F1-Xc,F1-Yc,F2-Xc,F2-Yc,F3-Xc,F3-Yc,F4-Xc,F4-Yc,F5-Xc,F5-Yc,F6-Xc,F6-Yc,F7-Xc,F7-Yc,F8-Xc,F8-Yc,F9-Xc,F9-Yc,F10-Xc,F10-Yc,F11-Xc,F11-Yc,F12-Xc,F12-Yc,F13-Xc,F13-Yc,CicloActivo,NombreCiclo,ID_EC

2026-05-01T15:00:59.918Z,0.49508902430534363,0.935411810874939,-0.11663785576820374,0.9009064435958862,-0.2720778286457062,1.0983744859695435,-0.8762132525444031,1.1626613140106201,-1.2412211894989014,1.4207935333251953,-1.8673983812332153,1.3870896100997925,-2.1298348903656006,1.438174843788147,-2.0244624614715576,1.7591311931610107,-2.4554619789123535,1.7648988962173462,-2.6429896354675293,1.918965220451355,-2.800884962081909,1.9002388715744019,-2.499455690383911,1.8682267665863037,-2.322129249572754,2.085094928741455,-1.685488224029541,1.9640297889709473,false,CNAIIxyz,E3807

2026-05-01T15:06:31.194Z,0.49508902430534363,0.935411810874939,-0.11663785576820374,0.9009064435958862,-0.2720778286457062,1.0983744859695435,-0.8762132525444031,1.1626613140106201,-1.2412211894989014,1.4207935333251953,-1.8673983812332153,1.3870896100997925,-2.1298348903656006,1.438174843788147,-2.0244624614715576,1.7591311931610107,-2.4554619789123535,1.7648988962173462,-2.6429896354675293,1.918965220451355,-2.800884962081909,1.9002388715744019,-2.499455690383911,1.8682267665863037,-2.322129249572754,2.085094928741455,-1.685488224029541,1.9640297889709473,true,CNAIIxyz,E3807

2026-05-01T15:09:31.194Z,0.49508902430534363,0.935411810874939,-0.11663785576820374,0.9009064435958862,-0.2720778286457062,1.0983744859695435,-0.8762132525444031,1.1626613140106201,-1.2412211894989014,1.4207935333251953,-1.8673983812332153,1.3870896100997925,-2.1298348903656006,1.438174843788147,-2.0244624614715576,1.7591311931610107,-2.4554619789123535,1.7648988962173462,-2.6429896354675293,1.918965220451355,-2.800884962081909,1.9002388715744019,-2.499455690383911,1.8682267665863037,-2.322129249572754,2.085094928741455,-1.685488224029541,1.9640297889709473,false,CNAIIxyz,E3807
2026-05-04T12:15:46.697Z,0,0,0,0,0,0,0,0,0,0,0,0,0,0,0,0,0,0,0,0,0,0,0,0,0,0,0,0,true,CNAII,E3809

2026-05-04T12:16:39.086Z,0,0,0,0,0,0,0,0,0,0,0,0,0,0,0,0,0,0,0,0,0,0,0,0,0,0,-5.188317775726318,2.8655242919921875,true,CNAII,E3809

2026-05-04T12:18:22.983Z,0,0,0,0,0,0,0,0,0,0,0,0,0,0,0,0,0,0,0,0,0,0,0,0,-5.370962619781494,2.430723190307617,-5.188317775726318,2.8655242919921875,true,CNAII,E3809

2026-05-04T12:19:32.584Z,0,0,0,0,0,0,0,0,0,0,0,0,0,0,0,0,0,0,0,0,0,0,-5.178327560424805,2.020481586456299,-5.370962619781494,2.430723190307617,-5.188317775726318,2.8655242919921875,true,CNAII,E3809

2026-05-04T12:20:43.205Z,0,0,0,0,0,0,0,0,0,0,0,0,0,0,0,0,0,0,0,0,-4.4389119148254395,2.027876853942871,-5.178327560424805,2.020481586456299,-5.370962619781494,2.430723190307617,-5.188317775726318,2.8655242919921875,true,CNAII,E3809

2026-05-04T12:21:53.810Z,0,0,0,0,0,0,0,0,0,0,0,0,0,0,0,0,0,0,-3.2696001529693604,2.156376600265503,-4.4389119148254395,2.027876853942871,-5.178327560424805,2.020481586456299,-5.370962619781494,2.430723190307617,-5.188317775726318,2.8655242919921875,true,CNAII,E3809

2026-05-04T12:23:04.371Z,0,0,0,0,0,0,0,0,0,0,0,0,0,0,0,0,-2.649434804916382,1.842600703239441,-3.2696001529693604,2.156376600265503,-4.4389119148254395,2.027876853942871,-5.178327560424805,2.020481586456299,-5.370962619781494,2.430723190307617,-5.188317775726318,2.8655242919921875,true,CNAII,E3809

2026-05-04T12:24:13.963Z,0,0,0,0,0,0,0,0,0,0,0,0,0,0,-1.2882003784179688,1.8591127395629883,-2.649434804916382,1.842600703239441,-3.2696001529693604,2.156376600265503,-4.4389119148254395,2.027876853942871,-5.178327560424805,2.020481586456299,-5.370962619781494,2.430723190307617,-5.188317775726318,2.8655242919921875,true,CNAII,E3809

2026-05-04T12:25:24.508Z,0,0,0,0,0,0,0,0,0,0,0,0,-0.5015696883201599,1.6373436450958252,-1.2882003784179688,1.8591127395629883,-2.649434804916382,1.842600703239441,-3.2696001529693604,2.156376600265503,-4.4389119148254395,2.027876853942871,-5.178327560424805,2.020481586456299,-5.370962619781494,2.430723190307617,-5.188317775726318,2.8655242919921875,true,CNAII,E3809

2026-05-04T12:25:25.511Z,0,0,0,0,0,0,0,0,0,0,0,0,-0.43339046835899353,1.6135225296020508,-1.2882003784179688,1.8591127395629883,-2.649434804916382,1.842600703239441,-3.2696001529693604,2.156376600265503,-4.4389119148254395,2.027876853942871,-5.178327560424805,2.020481586456299,-5.370962619781494,2.430723190307617,-5.188317775726318,2.8655242919921875,true,CNAII,E3809

2026-05-04T12:26:36.043Z,0,0,0,0,0,0,0,0,0,0,0.49688249826431274,1.162201166152954,-0.43339046835899353,1.6135225296020508,-1.2882003784179688,1.8591127395629883,-2.649434804916382,1.842600703239441,-3.2696001529693604,2.156376600265503,-4.4389119148254395,2.027876853942871,-5.178327560424805,2.020481586456299,-5.370962619781494,2.430723190307617,-5.188317775726318,2.8655242919921875,true,CNAII,E3809

2026-05-04T12:27:46.566Z,0,0,0,0,0,0,0,0,1.639814853668213,0.6603408455848694,0.49688249826431274,1.162201166152954,-0.43339046835899353,1.6135225296020508,-1.2882003784179688,1.8591127395629883,-2.649434804916382,1.842600703239441,-3.2696001529693604,2.156376600265503,-4.4389119148254395,2.027876853942871,-5.178327560424805,2.020481586456299,-5.370962619781494,2.430723190307617,-5.188317775726318,2.8655242919921875,true,CNAII,E3809

2026-05-04T12:28:57.149Z,0,0,0,0,0,0,2.6506283283233643,0.283603310585022,1.639814853668213,0.6603408455848694,0.49688249826431274,1.162201166152954,-0.43339046835899353,1.6135225296020508,-1.2882003784179688,1.8591127395629883,-2.649434804916382,1.842600703239441,-3.2696001529693604,2.156376600265503,-4.4389119148254395,2.027876853942871,-5.178327560424805,2.020481586456299,-5.370962619781494,2.430723190307617,-5.188317775726318,2.8655242919921875,true,CNAII,E3809

2026-05-04T12:30:07.720Z,0,0,0,0,3.4322080612182617,0.19210515916347504,2.6506283283233643,0.283603310585022,1.639814853668213,0.6603408455848694,0.49688249826431274,1.162201166152954,-0.43339046835899353,1.6135225296020508,-1.2882003784179688,1.8591127395629883,-2.649434804916382,1.842600703239441,-3.2696001529693604,2.156376600265503,-4.4389119148254395,2.027876853942871,-5.178327560424805,2.020481586456299,-5.370962619781494,2.430723190307617,-5.188317775726318,2.8655242919921875,true,CNAII,E3809

2026-05-04T12:31:17.259Z,0,0,3.3531222343444824,-0.22820580005645752,3.4322080612182617,0.19210515916347504,2.6506283283233643,0.283603310585022,1.639814853668213,0.6603408455848694,0.49688249826431274,1.162201166152954,-0.43339046835899353,1.6135225296020508,-1.2882003784179688,1.8591127395629883,-2.649434804916382,1.842600703239441,-3.2696001529693604,2.156376600265503,-4.4389119148254395,2.027876853942871,-5.178327560424805,2.020481586456299,-5.370962619781494,2.430723190307617,-5.188317775726318,2.8655242919921875,true,CNAII,E3809

2026-05-04T12:33:48.536Z,3.659623146057129,0.4141872823238373,3.3531222343444824,-0.22820580005645752,3.4322080612182617,0.19210515916347504,2.6506283283233643,0.283603310585022,1.639814853668213,0.6603408455848694,0.49688249826431274,1.162201166152954,-0.43339046835899353,1.6135225296020508,-1.2882003784179688,1.8591127395629883,-2.649434804916382,1.842600703239441,-3.2696001529693604,2.156376600265503,-4.4389119148254395,2.027876853942871,-5.178327560424805,2.020481586456299,-5.370962619781494,2.430723190307617,-5.188317775726318,2.8655242919921875,true,CNAII,E3809

2026-05-04T12:33:53.608Z,3.4778850078582764,0.3692542612552643,3.3531222343444824,-0.22820580005645752,3.4322080612182617,0.19210515916347504,2.6506283283233643,0.283603310585022,1.639814853668213,0.6603408455848694,0.49688249826431274,1.162201166152954,-0.43339046835899353,1.6135225296020508,-1.2882003784179688,1.8591127395629883,-2.649434804916382,1.842600703239441,-3.2696001529693604,2.156376600265503,-4.4389119148254395,2.027876853942871,-5.178327560424805,2.020481586456299,-5.370962619781494,2.430723190307617,-5.188317775726318,2.8655242919921875,true,CNAII,E3809

2026-05-04T12:36:28.799Z,3.4778850078582764,0.3692542612552643,3.3531222343444824,-0.22820580005645752,3.4322080612182617,0.19210515916347504,2.6506283283233643,0.283603310585022,1.639814853668213,0.6603408455848694,0.49688249826431274,1.162201166152954,-0.43339046835899353,1.6135225296020508,-1.2882003784179688,1.8591127395629883,-2.649434804916382,1.842600703239441,-3.2696001529693604,2.156376600265503,-4.4389119148254395,2.027876853942871,-5.178327560424805,2.020481586456299,-5.370962619781494,2.430723190307617,-5.188317775726318,2.8655242919921875,false,CNAII,E3809

2026-05-04T16:30:12.836Z,0,0,0,0,0,0,0,0,0,0,0,0,0,0,0,0,0,0,0,0,0,0,0,0,0,0,0,0,true,CNAII,E3808

2026-05-04T16:31:05.294Z,0,0,0,0,0,0,0,0,0,0,0,0,0,0,0,0,0,0,0,0,0,0,0,0,0,0,-5.384077548980713,2.7419116497039795,true,CNAII,E3808

2026-05-04T16:32:49.171Z,0,0,0,0,0,0,0,0,0,0,0,0,0,0,0,0,0,0,0,0,0,0,0,0,-5.324817180633545,2.3913180828094482,-5.384077548980713,2.7419116497039795,true,CNAII,E3808

2026-05-04T16:33:58.784Z,0,0,0,0,0,0,0,0,0,0,0,0,0,0,0,0,0,0,0,0,0,0,-5.086003303527832,2.0457043647766113,-5.324817180633545,2.3913180828094482,-5.384077548980713,2.7419116497039795,true,CNAII,E3808

2026-05-04T16:35:09.391Z,0,0,0,0,0,0,0,0,0,0,0,0,0,0,0,0,0,0,0,0,-4.386297225952148,1.9751766920089722,-5.086003303527832,2.0457043647766113,-5.324817180633545,2.3913180828094482,-5.384077548980713,2.7419116497039795,true,CNAII,E3808

2026-05-04T16:36:20.032Z,0,0,0,0,0,0,0,0,0,0,0,0,0,0,0,0,0,0,-3.324697971343994,2.1506845951080322,-4.386297225952148,1.9751766920089722,-5.086003303527832,2.0457043647766113,-5.324817180633545,2.3913180828094482,-5.384077548980713,2.7419116497039795,true,CNAII,E3808

2026-05-04T16:37:30.643Z,0,0,0,0,0,0,0,0,0,0,0,0,0,0,0,0,-2.5281198024749756,1.9042210578918457,-3.324697971343994,2.1506845951080322,-4.386297225952148,1.9751766920089722,-5.086003303527832,2.0457043647766113,-5.324817180633545,2.3913180828094482,-5.384077548980713,2.7419116497039795,true,CNAII,E3808

2026-05-04T16:38:41.226Z,0,0,0,0,0,0,0,0,0,0,0,0,0,0,-1.5460885763168335,1.747321605682373,-2.5281198024749756,1.9042210578918457,-3.324697971343994,2.1506845951080322,-4.386297225952148,1.9751766920089722,-5.086003303527832,2.0457043647766113,-5.324817180633545,2.3913180828094482,-5.384077548980713,2.7419116497039795,true,CNAII,E3808

2026-05-04T16:39:51.884Z,0,0,0,0,0,0,0,0,0,0,0,0,-0.6068196296691895,1.6048493385314941,-1.5460885763168335,1.747321605682373,-2.5281198024749756,1.9042210578918457,-3.324697971343994,2.1506845951080322,-4.386297225952148,1.9751766920089722,-5.086003303527832,2.0457043647766113,-5.324817180633545,2.3913180828094482,-5.384077548980713,2.7419116497039795,true,CNAII,E3808

2026-05-04T16:41:02.518Z,0,0,0,0,0,0,0,0,0,0,0.5557109117507935,1.2666337490081787,-0.6068196296691895,1.6048493385314941,-1.5460885763168335,1.747321605682373,-2.5281198024749756,1.9042210578918457,-3.324697971343994,2.1506845951080322,-4.386297225952148,1.9751766920089722,-5.086003303527832,2.0457043647766113,-5.324817180633545,2.3913180828094482,-5.384077548980713,2.7419116497039795,true,CNAII,E3808

2026-05-04T16:42:13.179Z,0,0,0,0,0,0,0,0,1.6189796924591064,0.7255018949508667,0.5557109117507935,1.2666337490081787,-0.6068196296691895,1.6048493385314941,-1.5460885763168335,1.747321605682373,-2.5281198024749756,1.9042210578918457,-3.324697971343994,2.1506845951080322,-4.386297225952148,1.9751766920089722,-5.086003303527832,2.0457043647766113,-5.324817180633545,2.3913180828094482,-5.384077548980713,2.7419116497039795,true,CNAII,E3808

2026-05-04T16:43:23.826Z,0,0,0,0,0,0,2.798039436340332,0.3578382432460785,1.6189796924591064,0.7255018949508667,0.5557109117507935,1.2666337490081787,-0.6068196296691895,1.6048493385314941,-1.5460885763168335,1.747321605682373,-2.5281198024749756,1.9042210578918457,-3.324697971343994,2.1506845951080322,-4.386297225952148,1.9751766920089722,-5.086003303527832,2.0457043647766113,-5.324817180633545,2.3913180828094482,-5.384077548980713,2.7419116497039795,true,CNAII,E3808

2026-05-04T16:44:33.429Z,0,0,0,0,3.2080142498016357,0.08775375783443451,2.798039436340332,0.3578382432460785,1.6189796924591064,0.7255018949508667,0.5557109117507935,1.2666337490081787,-0.6068196296691895,1.6048493385314941,-1.5460885763168335,1.747321605682373,-2.5281198024749756,1.9042210578918457,-3.324697971343994,2.1506845951080322,-4.386297225952148,1.9751766920089722,-5.086003303527832,2.0457043647766113,-5.324817180633545,2.3913180828094482,-5.384077548980713,2.7419116497039795,true,CNAII,E3808

2026-05-04T16:45:44.054Z,0,0,3.388615608215332,-0.1727246642112732,3.2080142498016357,0.08775375783443451,2.798039436340332,0.3578382432460785,1.6189796924591064,0.7255018949508667,0.5557109117507935,1.2666337490081787,-0.6068196296691895,1.6048493385314941,-1.5460885763168335,1.747321605682373,-2.5281198024749756,1.9042210578918457,-3.324697971343994,2.1506845951080322,-4.386297225952148,1.9751766920089722,-5.086003303527832,2.0457043647766113,-5.324817180633545,2.3913180828094482,-5.384077548980713,2.7419116497039795,true,CNAII,E3808

2026-05-04T16:48:14.404Z,3.660923719406128,0.4429485499858856,3.388615608215332,-0.1727246642112732,3.2080142498016357,0.08775375783443451,2.798039436340332,0.3578382432460785,1.6189796924591064,0.7255018949508667,0.5557109117507935,1.2666337490081787,-0.6068196296691895,1.6048493385314941,-1.5460885763168335,1.747321605682373,-2.5281198024749756,1.9042210578918457,-3.324697971343994,2.1506845951080322,-4.386297225952148,1.9751766920089722,-5.086003303527832,2.0457043647766113,-5.324817180633545,2.3913180828094482,-5.384077548980713,2.7419116497039795,true,CNAII,E3808

2026-05-04T16:48:19.427Z,3.5049803256988525,0.401292622089386,3.388615608215332,-0.1727246642112732,3.2080142498016357,0.08775375783443451,2.798039436340332,0.3578382432460785,1.6189796924591064,0.7255018949508667,0.5557109117507935,1.2666337490081787,-0.6068196296691895,1.6048493385314941,-1.5460885763168335,1.747321605682373,-2.5281198024749756,1.9042210578918457,-3.324697971343994,2.1506845951080322,-4.386297225952148,1.9751766920089722,-5.086003303527832,2.0457043647766113,-5.324817180633545,2.3913180828094482,-5.384077548980713,2.7419116497039795,true,CNAII,E3808

2026-05-04T16:50:54.832Z,3.5049803256988525,0.401292622089386,3.388615608215332,-0.1727246642112732,3.2080142498016357,0.08775375783443451,2.798039436340332,0.3578382432460785,1.6189796924591064,0.7255018949508667,0.5557109117507935,1.2666337490081787,-0.6068196296691895,1.6048493385314941,-1.5460885763168335,1.747321605682373,-2.5281198024749756,1.9042210578918457,-3.324697971343994,2.1506845951080322,-4.386297225952148,1.9751766920089722,-5.086003303527832,2.0457043647766113,-5.324817180633545,2.3913180828094482,-5.384077548980713,2.7419116497039795,false,CNAII,E3808

2026-05-04T17:55:58.603Z,0,0,0,0,0,0,0,0,0,0,0,0,0,0,0,0,0,0,0,0,0,0,0,0,0,0,0,0,true,CNAII,-

2026-05-04T17:56:45.051Z,0,0,0,0,0,0,0,0,0,0,0,0,0,0,0,0,0,0,0,0,0,0,0,0,0,0,0,0,false,CNAII,-

2026-05-04T17:57:47.558Z,0,0,0,0,0,0,0,0,0,0,0,0,0,0,0,0,0,0,0,0,0,0,0,0,0,0,0,0,true,CNAIIR1,E3809

2026-05-04T17:58:42.049Z,0,0,0,0,0,0,0,0,0,0,0,0,0,0,0,0,0,0,0,0,0,0,0,0,0,0,0.8495006561279297,-2.0987625122070312,true,CNAIIR1,E3809

2026-05-04T18:00:25.874Z,0,0,0,0,0,0,0,0,0,0,0,0,0,0,0,0,0,0,0,0,0,0,0,0,0.7534894347190857,-2.2231767177581787,0.8495006561279297,-2.0987625122070312,true,CNAIIR1,E3809

2026-05-04T18:01:34.455Z,0,0,0,0,0,0,0,0,0,0,0,0,0,0,0,0,0,0,0,0,0,0,0.4717875123023987,-1.7604981660842896,0.7534894347190857,-2.2231767177581787,0.8495006561279297,-2.0987625122070312,true,CNAIIR1,E3809

2026-05-04T18:01:35.464Z,0,0,0,0,0,0,0,0,0,0,0,0,0,0,0,0,0,0,0,0,0,0,0.4210032522678375,-1.7411960363388062,0.7534894347190857,-2.2231767177581787,0.8495006561279297,-2.0987625122070312,true,CNAIIR1,E3809

2026-05-04T18:02:45.057Z,0,0,0,0,0,0,0,0,0,0,0,0,0,0,0,0,0,0,0,0,-0.1410747766494751,-1.139746069908142,0.4210032522678375,-1.7411960363388062,0.7534894347190857,-2.2231767177581787,0.8495006561279297,-2.0987625122070312,true,CNAIIR1,E3809

2026-05-04T18:03:55.590Z,0,0,0,0,0,0,0,0,0,0,0,0,0,0,0,0,0,0,-0.5270529985427856,-0.8592111468315125,-0.1410747766494751,-1.139746069908142,0.4210032522678375,-1.7411960363388062,0.7534894347190857,-2.2231767177581787,0.8495006561279297,-2.0987625122070312,true,CNAIIR1,E3809

2026-05-04T18:05:05.188Z,0,0,0,0,0,0,0,0,0,0,0,0,0,0,0,0,-0.7373237013816833,-0.5221208930015564,-0.5270529985427856,-0.8592111468315125,-0.1410747766494751,-1.139746069908142,0.4210032522678375,-1.7411960363388062,0.7534894347190857,-2.2231767177581787,0.8495006561279297,-2.0987625122070312,true,CNAIIR1,E3809

2026-05-04T18:06:15.782Z,0,0,0,0,0,0,0,0,0,0,0,0,0,0,-0.8145635724067688,-0.19064728915691376,-0.7373237013816833,-0.5221208930015564,-0.5270529985427856,-0.8592111468315125,-0.1410747766494751,-1.139746069908142,0.4210032522678375,-1.7411960363388062,0.7534894347190857,-2.2231767177581787,0.8495006561279297,-2.0987625122070312,true,CNAIIR1,E3809

2026-05-04T18:07:26.327Z,0,0,0,0,0,0,0,0,0,0,0,0,-1.1201221942901611,-0.1869446188211441,-0.8145635724067688,-0.19064728915691376,-0.7373237013816833,-0.5221208930015564,-0.5270529985427856,-0.8592111468315125,-0.1410747766494751,-1.139746069908142,0.4210032522678375,-1.7411960363388062,0.7534894347190857,-2.2231767177581787,0.8495006561279297,-2.0987625122070312,true,CNAIIR1,E3809

2026-05-04T18:08:36.918Z,0,0,0,0,0,0,0,0,0,0,-1.0322080850601196,0.22457508742809296,-1.1201221942901611,-0.1869446188211441,-0.8145635724067688,-0.19064728915691376,-0.7373237013816833,-0.5221208930015564,-0.5270529985427856,-0.8592111468315125,-0.1410747766494751,-1.139746069908142,0.4210032522678375,-1.7411960363388062,0.7534894347190857,-2.2231767177581787,0.8495006561279297,-2.0987625122070312,true,CNAIIR1,E3809

2026-05-04T18:09:47.499Z,0,0,0,0,0,0,0,0,-0.8178805708885193,0.5860803127288818,-1.0322080850601196,0.22457508742809296,-1.1201221942901611,-0.1869446188211441,-0.8145635724067688,-0.19064728915691376,-0.7373237013816833,-0.5221208930015564,-0.5270529985427856,-0.8592111468315125,-0.1410747766494751,-1.139746069908142,0.4210032522678375,-1.7411960363388062,0.7534894347190857,-2.2231767177581787,0.8495006561279297,-2.0987625122070312,true,CNAIIR1,E3809

2026-05-04T18:10:58.059Z,0,0,0,0,0,0,-0.28119364380836487,0.8147981762886047,-0.8178805708885193,0.5860803127288818,-1.0322080850601196,0.22457508742809296,-1.1201221942901611,-0.1869446188211441,-0.8145635724067688,-0.19064728915691376,-0.7373237013816833,-0.5221208930015564,-0.5270529985427856,-0.8592111468315125,-0.1410747766494751,-1.139746069908142,0.4210032522678375,-1.7411960363388062,0.7534894347190857,-2.2231767177581787,0.8495006561279297,-2.0987625122070312,true,CNAIIR1,E3809

2026-05-04T18:12:08.543Z,0,0,0,0,0.0417943149805069,0.8905110359191895,-0.28119364380836487,0.8147981762886047,-0.8178805708885193,0.5860803127288818,-1.0322080850601196,0.22457508742809296,-1.1201221942901611,-0.1869446188211441,-0.8145635724067688,-0.19064728915691376,-0.7373237013816833,-0.5221208930015564,-0.5270529985427856,-0.8592111468315125,-0.1410747766494751,-1.139746069908142,0.4210032522678375,-1.7411960363388062,0.7534894347190857,-2.2231767177581787,0.8495006561279297,-2.0987625122070312,true,CNAIIR1,E3809

2026-05-04T18:13:19.138Z,0,0,0.4027412533760071,0.8323703408241272,0.0417943149805069,0.8905110359191895,-0.28119364380836487,0.8147981762886047,-0.8178805708885193,0.5860803127288818,-1.0322080850601196,0.22457508742809296,-1.1201221942901611,-0.1869446188211441,-0.8145635724067688,-0.19064728915691376,-0.7373237013816833,-0.5221208930015564,-0.5270529985427856,-0.8592111468315125,-0.1410747766494751,-1.139746069908142,0.4210032522678375,-1.7411960363388062,0.7534894347190857,-2.2231767177581787,0.8495006561279297,-2.0987625122070312,true,CNAIIR1,E3809

2026-05-04T18:15:50.344Z,0.731753945350647,0.7694224119186401,0.4027412533760071,0.8323703408241272,0.0417943149805069,0.8905110359191895,-0.28119364380836487,0.8147981762886047,-0.8178805708885193,0.5860803127288818,-1.0322080850601196,0.22457508742809296,-1.1201221942901611,-0.1869446188211441,-0.8145635724067688,-0.19064728915691376,-0.7373237013816833,-0.5221208930015564,-0.5270529985427856,-0.8592111468315125,-0.1410747766494751,-1.139746069908142,0.4210032522678375,-1.7411960363388062,0.7534894347190857,-2.2231767177581787,0.8495006561279297,-2.0987625122070312,true,CNAIIR1,E3809

2026-05-04T18:15:55.380Z,0.6352367401123047,0.8150749206542969,0.4027412533760071,0.8323703408241272,0.0417943149805069,0.8905110359191895,-0.28119364380836487,0.8147981762886047,-0.8178805708885193,0.5860803127288818,-1.0322080850601196,0.22457508742809296,-1.1201221942901611,-0.1869446188211441,-0.8145635724067688,-0.19064728915691376,-0.7373237013816833,-0.5221208930015564,-0.5270529985427856,-0.8592111468315125,-0.1410747766494751,-1.139746069908142,0.4210032522678375,-1.7411960363388062,0.7534894347190857,-2.2231767177581787,0.8495006561279297,-2.0987625122070312,true,CNAIIR1,E3809

2026-05-04T18:18:30.823Z,0.6352367401123047,0.8150749206542969,0.4027412533760071,0.8323703408241272,0.0417943149805069,0.8905110359191895,-0.28119364380836487,0.8147981762886047,-0.8178805708885193,0.5860803127288818,-1.0322080850601196,0.22457508742809296,-1.1201221942901611,-0.1869446188211441,-0.8145635724067688,-0.19064728915691376,-0.7373237013816833,-0.5221208930015564,-0.5270529985427856,-0.8592111468315125,-0.1410747766494751,-1.139746069908142,0.4210032522678375,-1.7411960363388062,0.7534894347190857,-2.2231767177581787,0.8495006561279297,-2.0987625122070312,false,CNAIIR1,E3809

2026-05-04T23:53:03.866Z,0.6352367401123047,0.8150749206542969,0.4027412533760071,0.8323703408241272,0.0417943149805069,0.8905110359191895,-0.28119364380836487,0.8147981762886047,-0.8178805708885193,0.5860803127288818,-1.0322080850601196,0.22457508742809296,-1.1201221942901611,-0.1869446188211441,-0.8145635724067688,-0.19064728915691376,-0.7373237013816833,-0.5221208930015564,-0.5270529985427856,-0.8592111468315125,-0.1410747766494751,-1.139746069908142,0.4210032522678375,-1.7411960363388062,0.7534894347190857,-2.2231767177581787,0.8495006561279297,-2.0987625122070312,false,CNAIIR1,E3809

2026-05-05T12:11:52.879Z,0.6352367401123047,0.8150749206542969,0.4027412533760071,0.8323703408241272,0.0417943149805069,0.8905110359191895,-0.28119364380836487,0.8147981762886047,-0.8178805708885193,0.5860803127288818,-1.0322080850601196,0.22457508742809296,-1.1201221942901611,-0.1869446188211441,-0.8145635724067688,-0.19064728915691376,-0.7373237013816833,-0.5221208930015564,-0.5270529985427856,-0.8592111468315125,-0.1410747766494751,-1.139746069908142,0.4210032522678375,-1.7411960363388062,0.7534894347190857,-2.2231767177581787,0.8495006561279297,-2.0987625122070312,false,CNAIIR1,E3809

2026-05-05T14:21:10.772Z,0.6352367401123047,0.8150749206542969,0.4027412533760071,0.8323703408241272,0.0417943149805069,0.8905110359191895,-0.28119364380836487,0.8147981762886047,-0.8178805708885193,0.5860803127288818,-1.0322080850601196,0.22457508742809296,-1.1201221942901611,-0.1869446188211441,-0.8145635724067688,-0.19064728915691376,-0.7373237013816833,-0.5221208930015564,-0.5270529985427856,-0.8592111468315125,-0.1410747766494751,-1.139746069908142,0.4210032522678375,-1.7411960363388062,0.7534894347190857,-2.2231767177581787,0.8495006561279297,-2.0987625122070312,false,CNAIIR1,E3809

2026-05-05T17:43:58.656Z,0,0,0,0,0,0,0,0,0,0,0,0,0,0,0,0,0,0,0,0,0,0,0,0,0,0,0,0,true,CNAII,E3810

2026-05-05T17:44:51.073Z,0,0,0,0,0,0,0,0,0,0,0,0,0,0,0,0,0,0,0,0,0,0,0,0,0,0,1.5697345733642578,-0.9024345278739929,true,CNAII,E3810

2026-05-05T17:46:34.952Z,0,0,0,0,0,0,0,0,0,0,0,0,0,0,0,0,0,0,0,0,0,0,0,0,1.4949291944503784,-0.4667739272117615,1.5697345733642578,-0.9024345278739929,true,CNAII,E3810

2026-05-05T17:47:44.477Z,0,0,0,0,0,0,0,0,0,0,0,0,0,0,0,0,0,0,0,0,0,0,0.8224521279335022,-0.6534016728401184,1.4949291944503784,-0.4667739272117615,1.5697345733642578,-0.9024345278739929,true,CNAII,E3810

2026-05-05T17:48:55.057Z,0,0,0,0,0,0,0,0,0,0,0,0,0,0,0,0,0,0,0,0,0.25669339299201965,-0.45378953218460083,0.8224521279335022,-0.6534016728401184,1.4949291944503784,-0.4667739272117615,1.5697345733642578,-0.9024345278739929,true,CNAII,E3810

2026-05-05T17:50:05.614Z,0,0,0,0,0,0,0,0,0,0,0,0,0,0,0,0,0,0,0.24608102440834045,-0.05565832555294037,0.25669339299201965,-0.45378953218460083,0.8224521279335022,-0.6534016728401184,1.4949291944503784,-0.4667739272117615,1.5697345733642578,-0.9024345278739929,true,CNAII,E3810

2026-05-05T17:51:16.210Z,0,0,0,0,0,0,0,0,0,0,0,0,0,0,0,0,0.057997386902570724,0.13223306834697723,0.24608102440834045,-0.05565832555294037,0.25669339299201965,-0.45378953218460083,0.8224521279335022,-0.6534016728401184,1.4949291944503784,-0.4667739272117615,1.5697345733642578,-0.9024345278739929,true,CNAII,E3810

2026-05-05T17:52:25.853Z,0,0,0,0,0,0,0,0,0,0,0,0,0,0,0.1608903706073761,0.6303355693817139,0.057997386902570724,0.13223306834697723,0.24608102440834045,-0.05565832555294037,0.25669339299201965,-0.45378953218460083,0.8224521279335022,-0.6534016728401184,1.4949291944503784,-0.4667739272117615,1.5697345733642578,-0.9024345278739929,true,CNAII,E3810

2026-05-05T17:53:37.296Z,0,0,0,0,0,0,0,0,0,0,0,0,-0.25727009773254395,0.7978516221046448,0.1608903706073761,0.6303355693817139,0.057997386902570724,0.13223306834697723,0.24608102440834045,-0.05565832555294037,0.25669339299201965,-0.45378953218460083,0.8224521279335022,-0.6534016728401184,1.4949291944503784,-0.4667739272117615,1.5697345733642578,-0.9024345278739929,true,CNAII,E3810

2026-05-05T17:54:47.874Z,0,0,0,0,0,0,0,0,0,0,0.01638328656554222,1.4164350032806396,-0.25727009773254395,0.7978516221046448,0.1608903706073761,0.6303355693817139,0.057997386902570724,0.13223306834697723,0.24608102440834045,-0.05565832555294037,0.25669339299201965,-0.45378953218460083,0.8224521279335022,-0.6534016728401184,1.4949291944503784,-0.4667739272117615,1.5697345733642578,-0.9024345278739929,true,CNAII,E3810

2026-05-05T17:55:58.488Z,0,0,0,0,0,0,0,0,0.31447696685791016,2.092613935470581,0.01638328656554222,1.4164350032806396,-0.25727009773254395,0.7978516221046448,0.1608903706073761,0.6303355693817139,0.057997386902570724,0.13223306834697723,0.24608102440834045,-0.05565832555294037,0.25669339299201965,-0.45378953218460083,0.8224521279335022,-0.6534016728401184,1.4949291944503784,-0.4667739272117615,1.5697345733642578,-0.9024345278739929,true,CNAII,E3810

2026-05-05T17:57:09.129Z,0,0,0,0,0,0,0.3009263873100281,2.3111910820007324,0.31447696685791016,2.092613935470581,0.01638328656554222,1.4164350032806396,-0.25727009773254395,0.7978516221046448,0.1608903706073761,0.6303355693817139,0.057997386902570724,0.13223306834697723,0.24608102440834045,-0.05565832555294037,0.25669339299201965,-0.45378953218460083,0.8224521279335022,-0.6534016728401184,1.4949291944503784,-0.4667739272117615,1.5697345733642578,-0.9024345278739929,true,CNAII,E3810

2026-05-05T17:58:19.751Z,0,0,0,0,0.5926542282104492,2.658731698989868,0.3009263873100281,2.3111910820007324,0.31447696685791016,2.092613935470581,0.01638328656554222,1.4164350032806396,-0.25727009773254395,0.7978516221046448,0.1608903706073761,0.6303355693817139,0.057997386902570724,0.13223306834697723,0.24608102440834045,-0.05565832555294037,0.25669339299201965,-0.45378953218460083,0.8224521279335022,-0.6534016728401184,1.4949291944503784,-0.4667739272117615,1.5697345733642578,-0.9024345278739929,true,CNAII,E3810

2026-05-05T17:59:29.349Z,0,0,0.8405676484107971,2.490663766860962,0.5926542282104492,2.658731698989868,0.3009263873100281,2.3111910820007324,0.31447696685791016,2.092613935470581,0.01638328656554222,1.4164350032806396,-0.25727009773254395,0.7978516221046448,0.1608903706073761,0.6303355693817139,0.057997386902570724,0.13223306834697723,0.24608102440834045,-0.05565832555294037,0.25669339299201965,-0.45378953218460083,0.8224521279335022,-0.6534016728401184,1.4949291944503784,-0.4667739272117615,1.5697345733642578,-0.9024345278739929,true,CNAII,E3810

2026-05-05T18:02:01.587Z,1.29045569896698,2.049551248550415,0.8405676484107971,2.490663766860962,0.5926542282104492,2.658731698989868,0.3009263873100281,2.3111910820007324,0.31447696685791016,2.092613935470581,0.01638328656554222,1.4164350032806396,-0.25727009773254395,0.7978516221046448,0.1608903706073761,0.6303355693817139,0.057997386902570724,0.13223306834697723,0.24608102440834045,-0.05565832555294037,0.25669339299201965,-0.45378953218460083,0.8224521279335022,-0.6534016728401184,1.4949291944503784,-0.4667739272117615,1.5697345733642578,-0.9024345278739929,true,CNAII,E3810

2026-05-05T18:02:05.621Z,0.9089581370353699,2.5535645484924316,0.8405676484107971,2.490663766860962,0.5926542282104492,2.658731698989868,0.3009263873100281,2.3111910820007324,0.31447696685791016,2.092613935470581,0.01638328656554222,1.4164350032806396,-0.25727009773254395,0.7978516221046448,0.1608903706073761,0.6303355693817139,0.057997386902570724,0.13223306834697723,0.24608102440834045,-0.05565832555294037,0.25669339299201965,-0.45378953218460083,0.8224521279335022,-0.6534016728401184,1.4949291944503784,-0.4667739272117615,1.5697345733642578,-0.9024345278739929,true,CNAII,E3810

2026-05-05T18:04:40.924Z,0.9089581370353699,2.5535645484924316,0.8405676484107971,2.490663766860962,0.5926542282104492,2.658731698989868,0.3009263873100281,2.3111910820007324,0.31447696685791016,2.092613935470581,0.01638328656554222,1.4164350032806396,-0.25727009773254395,0.7978516221046448,0.1608903706073761,0.6303355693817139,0.057997386902570724,0.13223306834697723,0.24608102440834045,-0.05565832555294037,0.25669339299201965,-0.45378953218460083,0.8224521279335022,-0.6534016728401184,1.4949291944503784,-0.4667739272117615,1.5697345733642578,-0.9024345278739929,false,CNAII,E3810

2026-05-05T18:39:22.772Z,0,0,0,0,0,0,0,0,0,0,0,0,0,0,0,0,0,0,0,0,0,0,0,0,0,0,0,0,true,CNAIIR1,-

2026-05-05T18:40:14.205Z,0,0,0,0,0,0,0,0,0,0,0,0,0,0,0,0,0,0,0,0,0,0,0,0,0,0,1.605339527130127,-0.661628782749176,true,CNAIIR1,-

2026-05-05T18:41:57.121Z,0,0,0,0,0,0,0,0,0,0,0,0,0,0,0,0,0,0,0,0,0,0,0,0,1.4288493394851685,-0.6104880571365356,1.605339527130127,-0.661628782749176,true,CNAIIR1,-

2026-05-05T18:41:58.119Z,0,0,0,0,0,0,0,0,0,0,0,0,0,0,0,0,0,0,0,0,0,0,0,0,1.428839921951294,-0.6104846000671387,1.605339527130127,-0.661628782749176,true,CNAIIR1,-

2026-05-05T18:43:06.766Z,0,0,0,0,0,0,0,0,0,0,0,0,0,0,0,0,0,0,0,0,0,0,0.8810276985168457,-0.6058349013328552,1.428839921951294,-0.6104846000671387,1.605339527130127,-0.661628782749176,true,CNAIIR1,-

2026-05-05T18:44:17.335Z,0,0,0,0,0,0,0,0,0,0,0,0,0,0,0,0,0,0,0,0,0.2584007680416107,-0.4034695327281952,0.8810276985168457,-0.6058349013328552,1.428839921951294,-0.6104846000671387,1.605339527130127,-0.661628782749176,true,CNAIIR1,-

2026-05-05T18:45:27.983Z,0,0,0,0,0,0,0,0,0,0,0,0,0,0,0,0,0,0,0.3019602596759796,0.021284004673361778,0.2584007680416107,-0.4034695327281952,0.8810276985168457,-0.6058349013328552,1.428839921951294,-0.6104846000671387,1.605339527130127,-0.661628782749176,true,CNAIIR1,-

2026-05-05T18:46:37.570Z,0,0,0,0,0,0,0,0,0,0,0,0,0,0,0,0,0.10242609679698944,0.23946918547153473,0.3019602596759796,0.021284004673361778,0.2584007680416107,-0.4034695327281952,0.8810276985168457,-0.6058349013328552,1.428839921951294,-0.6104846000671387,1.605339527130127,-0.661628782749176,true,CNAIIR1,-

2026-05-05T18:47:48.166Z,0,0,0,0,0,0,0,0,0,0,0,0,0,0,0.10157161206007004,0.6317914128303528,0.10242609679698944,0.23946918547153473,0.3019602596759796,0.021284004673361778,0.2584007680416107,-0.4034695327281952,0.8810276985168457,-0.6058349013328552,1.428839921951294,-0.6104846000671387,1.605339527130127,-0.661628782749176,true,CNAIIR1,-

2026-05-05T18:48:58.755Z,0,0,0,0,0,0,0,0,0,0,0,0,-0.21006521582603455,0.8181721568107605,0.10157161206007004,0.6317914128303528,0.10242609679698944,0.23946918547153473,0.3019602596759796,0.021284004673361778,0.2584007680416107,-0.4034695327281952,0.8810276985168457,-0.6058349013328552,1.428839921951294,-0.6104846000671387,1.605339527130127,-0.661628782749176,true,CNAIIR1,-

2026-05-05T18:50:09.381Z,0,0,0,0,0,0,0,0,0,0,-0.03782615810632706,1.3240946531295776,-0.21006521582603455,0.8181721568107605,0.10157161206007004,0.6317914128303528,0.10242609679698944,0.23946918547153473,0.3019602596759796,0.021284004673361778,0.2584007680416107,-0.4034695327281952,0.8810276985168457,-0.6058349013328552,1.428839921951294,-0.6104846000671387,1.605339527130127,-0.661628782749176,true,CNAIIR1,-

2026-05-05T18:51:20.049Z,0,0,0,0,0,0,0,0,0.32088544964790344,2.0925872325897217,-0.03782615810632706,1.3240946531295776,-0.21006521582603455,0.8181721568107605,0.10157161206007004,0.6317914128303528,0.10242609679698944,0.23946918547153473,0.3019602596759796,0.021284004673361778,0.2584007680416107,-0.4034695327281952,0.8810276985168457,-0.6058349013328552,1.428839921951294,-0.6104846000671387,1.605339527130127,-0.661628782749176,true,CNAIIR1,-

2026-05-05T18:52:30.709Z,0,0,0,0,0,0,0.35179761052131653,2.3396615982055664,0.32088544964790344,2.0925872325897217,-0.03782615810632706,1.3240946531295776,-0.21006521582603455,0.8181721568107605,0.10157161206007004,0.6317914128303528,0.10242609679698944,0.23946918547153473,0.3019602596759796,0.021284004673361778,0.2584007680416107,-0.4034695327281952,0.8810276985168457,-0.6058349013328552,1.428839921951294,-0.6104846000671387,1.605339527130127,-0.661628782749176,true,CNAIIR1,-

2026-05-05T18:53:41.322Z,0,0,0,0,0.6736737489700317,2.7143211364746094,0.35179761052131653,2.3396615982055664,0.32088544964790344,2.0925872325897217,-0.03782615810632706,1.3240946531295776,-0.21006521582603455,0.8181721568107605,0.10157161206007004,0.6317914128303528,0.10242609679698944,0.23946918547153473,0.3019602596759796,0.021284004673361778,0.2584007680416107,-0.4034695327281952,0.8810276985168457,-0.6058349013328552,1.428839921951294,-0.6104846000671387,1.605339527130127,-0.661628782749176,true,CNAIIR1,-

2026-05-05T18:54:51.931Z,0,0,0.9181812405586243,2.5934014320373535,0.6736737489700317,2.7143211364746094,0.35179761052131653,2.3396615982055664,0.32088544964790344,2.0925872325897217,-0.03782615810632706,1.3240946531295776,-0.21006521582603455,0.8181721568107605,0.10157161206007004,0.6317914128303528,0.10242609679698944,0.23946918547153473,0.3019602596759796,0.021284004673361778,0.2584007680416107,-0.4034695327281952,0.8810276985168457,-0.6058349013328552,1.428839921951294,-0.6104846000671387,1.605339527130127,-0.661628782749176,true,CNAIIR1,-

2026-05-05T18:57:23.208Z,1.2808945178985596,2.054612159729004,0.9181812405586243,2.5934014320373535,0.6736737489700317,2.7143211364746094,0.35179761052131653,2.3396615982055664,0.32088544964790344,2.0925872325897217,-0.03782615810632706,1.3240946531295776,-0.21006521582603455,0.8181721568107605,0.10157161206007004,0.6317914128303528,0.10242609679698944,0.23946918547153473,0.3019602596759796,0.021284004673361778,0.2584007680416107,-0.4034695327281952,0.8810276985168457,-0.6058349013328552,1.428839921951294,-0.6104846000671387,1.605339527130127,-0.661628782749176,true,CNAIIR1,-

2026-05-05T18:57:28.243Z,0.8778836131095886,2.541934013366699,0.9181812405586243,2.5934014320373535,0.6736737489700317,2.7143211364746094,0.35179761052131653,2.3396615982055664,0.32088544964790344,2.0925872325897217,-0.03782615810632706,1.3240946531295776,-0.21006521582603455,0.8181721568107605,0.10157161206007004,0.6317914128303528,0.10242609679698944,0.23946918547153473,0.3019602596759796,0.021284004673361778,0.2584007680416107,-0.4034695327281952,0.8810276985168457,-0.6058349013328552,1.428839921951294,-0.6104846000671387,1.605339527130127,-0.661628782749176,true,CNAIIR1,-

2026-05-05T19:00:03.624Z,0.8778836131095886,2.541934013366699,0.9181812405586243,2.5934014320373535,0.6736737489700317,2.7143211364746094,0.35179761052131653,2.3396615982055664,0.32088544964790344,2.0925872325897217,-0.03782615810632706,1.3240946531295776,-0.21006521582603455,0.8181721568107605,0.10157161206007004,0.6317914128303528,0.10242609679698944,0.23946918547153473,0.3019602596759796,0.021284004673361778,0.2584007680416107,-0.4034695327281952,0.8810276985168457,-0.6058349013328552,1.428839921951294,-0.6104846000671387,1.605339527130127,-0.661628782749176,false,CNAIIR1,-

2026-05-06T11:28:53.061Z,0,0,0,0,0,0,0,0,0,0,0,0,0,0,0,0,0,0,0,0,0,0,0,0,0,0,0,0,true,CNAII,E3812

2026-05-06T11:29:45.431Z,0,0,0,0,0,0,0,0,0,0,0,0,0,0,0,0,0,0,0,0,0,0,0,0,0,0,-4.123266696929932,0.6942257285118103,true,CNAII,E3812

2026-05-06T11:31:29.395Z,0,0,0,0,0,0,0,0,0,0,0,0,0,0,0,0,0,0,0,0,0,0,0,0,-4.161772727966309,0.5746047496795654,-4.123266696929932,0.6942257285118103,true,CNAII,E3812

2026-05-06T11:32:38.879Z,0,0,0,0,0,0,0,0,0,0,0,0,0,0,0,0,0,0,0,0,0,0,-4.059717655181885,0.6472873687744141,-4.161772727966309,0.5746047496795654,-4.123266696929932,0.6942257285118103,true,CNAII,E3812

2026-05-06T11:33:48.504Z,0,0,0,0,0,0,0,0,0,0,0,0,0,0,0,0,0,0,0,0,-3.623262405395508,0.8603782057762146,-4.059717655181885,0.6472873687744141,-4.161772727966309,0.5746047496795654,-4.123266696929932,0.6942257285118103,true,CNAII,E3812

2026-05-06T11:34:59.099Z,0,0,0,0,0,0,0,0,0,0,0,0,0,0,0,0,0,0,-2.882938861846924,0.8257932662963867,-3.623262405395508,0.8603782057762146,-4.059717655181885,0.6472873687744141,-4.161772727966309,0.5746047496795654,-4.123266696929932,0.6942257285118103,true,CNAII,E3812

2026-05-06T11:36:09.674Z,0,0,0,0,0,0,0,0,0,0,0,0,0,0,0,0,-1.5451030731201172,1.3105027675628662,-2.882938861846924,0.8257932662963867,-3.623262405395508,0.8603782057762146,-4.059717655181885,0.6472873687744141,-4.161772727966309,0.5746047496795654,-4.123266696929932,0.6942257285118103,true,CNAII,E3812

2026-05-06T11:37:20.261Z,0,0,0,0,0,0,0,0,0,0,0,0,0,0,-0.3574865162372589,1.2943531274795532,-1.5451030731201172,1.3105027675628662,-2.882938861846924,0.8257932662963867,-3.623262405395508,0.8603782057762146,-4.059717655181885,0.6472873687744141,-4.161772727966309,0.5746047496795654,-4.123266696929932,0.6942257285118103,true,CNAII,E3812

2026-05-06T11:38:30.772Z,0,0,0,0,0,0,0,0,0,0,0,0,0.7490482926368713,1.2759884595870972,-0.3574865162372589,1.2943531274795532,-1.5451030731201172,1.3105027675628662,-2.882938861846924,0.8257932662963867,-3.623262405395508,0.8603782057762146,-4.059717655181885,0.6472873687744141,-4.161772727966309,0.5746047496795654,-4.123266696929932,0.6942257285118103,true,CNAII,E3812

2026-05-06T11:39:41.387Z,0,0,0,0,0,0,0,0,0,0,1.7180923223495483,1.2879133224487305,0.7490482926368713,1.2759884595870972,-0.3574865162372589,1.2943531274795532,-1.5451030731201172,1.3105027675628662,-2.882938861846924,0.8257932662963867,-3.623262405395508,0.8603782057762146,-4.059717655181885,0.6472873687744141,-4.161772727966309,0.5746047496795654,-4.123266696929932,0.6942257285118103,true,CNAII,E3812

2026-05-06T11:40:51.940Z,0,0,0,0,0,0,0,0,2.4856088161468506,1.6118311882019043,1.7180923223495483,1.2879133224487305,0.7490482926368713,1.2759884595870972,-0.3574865162372589,1.2943531274795532,-1.5451030731201172,1.3105027675628662,-2.882938861846924,0.8257932662963867,-3.623262405395508,0.8603782057762146,-4.059717655181885,0.6472873687744141,-4.161772727966309,0.5746047496795654,-4.123266696929932,0.6942257285118103,true,CNAII,E3812

2026-05-06T11:42:02.543Z,0,0,0,0,0,0,3.123861074447632,1.6056849956512451,2.4856088161468506,1.6118311882019043,1.7180923223495483,1.2879133224487305,0.7490482926368713,1.2759884595870972,-0.3574865162372589,1.2943531274795532,-1.5451030731201172,1.3105027675628662,-2.882938861846924,0.8257932662963867,-3.623262405395508,0.8603782057762146,-4.059717655181885,0.6472873687744141,-4.161772727966309,0.5746047496795654,-4.123266696929932,0.6942257285118103,true,CNAII,E3812

2026-05-06T11:43:12.104Z,0,0,0,0,3.450512170791626,1.6504310369491577,3.123861074447632,1.6056849956512451,2.4856088161468506,1.6118311882019043,1.7180923223495483,1.2879133224487305,0.7490482926368713,1.2759884595870972,-0.3574865162372589,1.2943531274795532,-1.5451030731201172,1.3105027675628662,-2.882938861846924,0.8257932662963867,-3.623262405395508,0.8603782057762146,-4.059717655181885,0.6472873687744141,-4.161772727966309,0.5746047496795654,-4.123266696929932,0.6942257285118103,true,CNAII,E3812

2026-05-06T11:43:13.116Z,0,0,0,0,3.450512409210205,1.6504285335540771,3.123861074447632,1.6056849956512451,2.4856088161468506,1.6118311882019043,1.7180923223495483,1.2879133224487305,0.7490482926368713,1.2759884595870972,-0.3574865162372589,1.2943531274795532,-1.5451030731201172,1.3105027675628662,-2.882938861846924,0.8257932662963867,-3.623262405395508,0.8603782057762146,-4.059717655181885,0.6472873687744141,-4.161772727966309,0.5746047496795654,-4.123266696929932,0.6942257285118103,true,CNAII,E3812

2026-05-06T11:44:22.719Z,0,0,3.2496979236602783,1.9973331689834595,3.450512409210205,1.6504285335540771,3.123861074447632,1.6056849956512451,2.4856088161468506,1.6118311882019043,1.7180923223495483,1.2879133224487305,0.7490482926368713,1.2759884595870972,-0.3574865162372589,1.2943531274795532,-1.5451030731201172,1.3105027675628662,-2.882938861846924,0.8257932662963867,-3.623262405395508,0.8603782057762146,-4.059717655181885,0.6472873687744141,-4.161772727966309,0.5746047496795654,-4.123266696929932,0.6942257285118103,true,CNAII,E3812

2026-05-06T11:46:54.075Z,2.670842409133911,2.3348658084869385,3.2496979236602783,1.9973331689834595,3.450512409210205,1.6504285335540771,3.123861074447632,1.6056849956512451,2.4856088161468506,1.6118311882019043,1.7180923223495483,1.2879133224487305,0.7490482926368713,1.2759884595870972,-0.3574865162372589,1.2943531274795532,-1.5451030731201172,1.3105027675628662,-2.882938861846924,0.8257932662963867,-3.623262405395508,0.8603782057762146,-4.059717655181885,0.6472873687744141,-4.161772727966309,0.5746047496795654,-4.123266696929932,0.6942257285118103,true,CNAII,E3812

2026-05-06T11:46:58.117Z,2.5042362213134766,2.3498826026916504,3.2496979236602783,1.9973331689834595,3.450512409210205,1.6504285335540771,3.123861074447632,1.6056849956512451,2.4856088161468506,1.6118311882019043,1.7180923223495483,1.2879133224487305,0.7490482926368713,1.2759884595870972,-0.3574865162372589,1.2943531274795532,-1.5451030731201172,1.3105027675628662,-2.882938861846924,0.8257932662963867,-3.623262405395508,0.8603782057762146,-4.059717655181885,0.6472873687744141,-4.161772727966309,0.5746047496795654,-4.123266696929932,0.6942257285118103,true,CNAII,E3812

2026-05-06T11:46:59.129Z,2.479762315750122,2.350416421890259,3.2496979236602783,1.9973331689834595,3.450512409210205,1.6504285335540771,3.123861074447632,1.6056849956512451,2.4856088161468506,1.6118311882019043,1.7180923223495483,1.2879133224487305,0.7490482926368713,1.2759884595870972,-0.3574865162372589,1.2943531274795532,-1.5451030731201172,1.3105027675628662,-2.882938861846924,0.8257932662963867,-3.623262405395508,0.8603782057762146,-4.059717655181885,0.6472873687744141,-4.161772727966309,0.5746047496795654,-4.123266696929932,0.6942257285118103,true,CNAII,E3812

2026-05-06T11:49:34.506Z,2.479762315750122,2.350416421890259,3.2496979236602783,1.9973331689834595,3.450512409210205,1.6504285335540771,3.123861074447632,1.6056849956512451,2.4856088161468506,1.6118311882019043,1.7180923223495483,1.2879133224487305,0.7490482926368713,1.2759884595870972,-0.3574865162372589,1.2943531274795532,-1.5451030731201172,1.3105027675628662,-2.882938861846924,0.8257932662963867,-3.623262405395508,0.8603782057762146,-4.059717655181885,0.6472873687744141,-4.161772727966309,0.5746047496795654,-4.123266696929932,0.6942257285118103,false,CNAII,E3812

2026-05-06T14:29:06.698Z,0,0,0,0,0,0,0,0,0,0,0,0,0,0,0,0,0,0,0,0,0,0,0,0,0,0,0,0,true,CNAII,E3811

2026-05-06T14:29:59.301Z,0,0,0,0,0,0,0,0,0,0,0,0,0,0,0,0,0,0,0,0,0,0,0,0,0,0,-0.41613152623176575,2.2566113471984863,true,CNAII,E3811

2026-05-06T14:31:43.028Z,0,0,0,0,0,0,0,0,0,0,0,0,0,0,0,0,0,0,0,0,0,0,0,0,-0.6497978568077087,2.3026256561279297,-0.41613152623176575,2.2566113471984863,true,CNAII,E3811

2026-05-06T14:32:52.571Z,0,0,0,0,0,0,0,0,0,0,0,0,0,0,0,0,0,0,0,0,0,0,-0.9116231203079224,2.1338675022125244,-0.6497978568077087,2.3026256561279297,-0.41613152623176575,2.2566113471984863,true,CNAII,E3811

2026-05-06T14:34:02.145Z,0,0,0,0,0,0,0,0,0,0,0,0,0,0,0,0,0,0,0,0,-0.8219689130783081,2.2815093994140625,-0.9116231203079224,2.1338675022125244,-0.6497978568077087,2.3026256561279297,-0.41613152623176575,2.2566113471984863,true,CNAII,E3811

2026-05-06T14:34:03.153Z,0,0,0,0,0,0,0,0,0,0,0,0,0,0,0,0,0,0,0,0,-0.82425457239151,2.2822957038879395,-0.9116231203079224,2.1338675022125244,-0.6497978568077087,2.3026256561279297,-0.41613152623176575,2.2566113471984863,true,CNAII,E3811

2026-05-06T14:35:12.755Z,0,0,0,0,0,0,0,0,0,0,0,0,0,0,0,0,0,0,-1.2465085983276367,1.853397011756897,-0.82425457239151,2.2822957038879395,-0.9116231203079224,2.1338675022125244,-0.6497978568077087,2.3026256561279297,-0.41613152623176575,2.2566113471984863,true,CNAII,E3811

2026-05-06T14:35:13.761Z,0,0,0,0,0,0,0,0,0,0,0,0,0,0,0,0,0,0,-1.014638066291809,2.039811611175537,-0.82425457239151,2.2822957038879395,-0.9116231203079224,2.1338675022125244,-0.6497978568077087,2.3026256561279297,-0.41613152623176575,2.2566113471984863,true,CNAII,E3811

2026-05-06T14:36:24.324Z,0,0,0,0,0,0,0,0,0,0,0,0,0,0,0,0,-0.9262212514877319,1.8011722564697266,-1.014638066291809,2.039811611175537,-0.82425457239151,2.2822957038879395,-0.9116231203079224,2.1338675022125244,-0.6497978568077087,2.3026256561279297,-0.41613152623176575,2.2566113471984863,true,CNAII,E3811

2026-05-06T14:37:34.932Z,0,0,0,0,0,0,0,0,0,0,0,0,0,0,-0.7201104164123535,1.642195701599121,-0.9262212514877319,1.8011722564697266,-1.014638066291809,2.039811611175537,-0.82425457239151,2.2822957038879395,-0.9116231203079224,2.1338675022125244,-0.6497978568077087,2.3026256561279297,-0.41613152623176575,2.2566113471984863,true,CNAII,E3811

2026-05-06T14:38:45.481Z,0,0,0,0,0,0,0,0,0,0,0,0,-0.6320834159851074,1.3544610738754272,-0.7201104164123535,1.642195701599121,-0.9262212514877319,1.8011722564697266,-1.014638066291809,2.039811611175537,-0.82425457239151,2.2822957038879395,-0.9116231203079224,2.1338675022125244,-0.6497978568077087,2.3026256561279297,-0.41613152623176575,2.2566113471984863,true,CNAII,E3811

2026-05-06T14:39:55.117Z,0,0,0,0,0,0,0,0,0,0,-0.5786557197570801,0.9848411679267883,-0.6320834159851074,1.3544610738754272,-0.7201104164123535,1.642195701599121,-0.9262212514877319,1.8011722564697266,-1.014638066291809,2.039811611175537,-0.82425457239151,2.2822957038879395,-0.9116231203079224,2.1338675022125244,-0.6497978568077087,2.3026256561279297,-0.41613152623176575,2.2566113471984863,true,CNAII,E3811

2026-05-06T14:41:05.718Z,0,0,0,0,0,0,0,0,-0.2380213439464569,0.7379958033561707,-0.5786557197570801,0.9848411679267883,-0.6320834159851074,1.3544610738754272,-0.7201104164123535,1.642195701599121,-0.9262212514877319,1.8011722564697266,-1.014638066291809,2.039811611175537,-0.82425457239151,2.2822957038879395,-0.9116231203079224,2.1338675022125244,-0.6497978568077087,2.3026256561279297,-0.41613152623176575,2.2566113471984863,true,CNAII,E3811

2026-05-06T14:42:16.335Z,0,0,0,0,0,0,0.06122029200196266,0.2942357063293457,-0.2380213439464569,0.7379958033561707,-0.5786557197570801,0.9848411679267883,-0.6320834159851074,1.3544610738754272,-0.7201104164123535,1.642195701599121,-0.9262212514877319,1.8011722564697266,-1.014638066291809,2.039811611175537,-0.82425457239151,2.2822957038879395,-0.9116231203079224,2.1338675022125244,-0.6497978568077087,2.3026256561279297,-0.41613152623176575,2.2566113471984863,true,CNAII,E3811

2026-05-06T14:43:26.920Z,0,0,0,0,0.45625001192092896,0.08707518875598907,0.06122029200196266,0.2942357063293457,-0.2380213439464569,0.7379958033561707,-0.5786557197570801,0.9848411679267883,-0.6320834159851074,1.3544610738754272,-0.7201104164123535,1.642195701599121,-0.9262212514877319,1.8011722564697266,-1.014638066291809,2.039811611175537,-0.82425457239151,2.2822957038879395,-0.9116231203079224,2.1338675022125244,-0.6497978568077087,2.3026256561279297,-0.41613152623176575,2.2566113471984863,true,CNAII,E3811

2026-05-06T14:44:37.450Z,0,0,1.1350841522216797,0.3812042772769928,0.45625001192092896,0.08707518875598907,0.06122029200196266,0.2942357063293457,-0.2380213439464569,0.7379958033561707,-0.5786557197570801,0.9848411679267883,-0.6320834159851074,1.3544610738754272,-0.7201104164123535,1.642195701599121,-0.9262212514877319,1.8011722564697266,-1.014638066291809,2.039811611175537,-0.82425457239151,2.2822957038879395,-0.9116231203079224,2.1338675022125244,-0.6497978568077087,2.3026256561279297,-0.41613152623176575,2.2566113471984863,true,CNAII,E3811

2026-05-06T14:47:09.609Z,1.287719488143921,0.23133353888988495,1.1350841522216797,0.3812042772769928,0.45625001192092896,0.08707518875598907,0.06122029200196266,0.2942357063293457,-0.2380213439464569,0.7379958033561707,-0.5786557197570801,0.9848411679267883,-0.6320834159851074,1.3544610738754272,-0.7201104164123535,1.642195701599121,-0.9262212514877319,1.8011722564697266,-1.014638066291809,2.039811611175537,-0.82425457239151,2.2822957038879395,-0.9116231203079224,2.1338675022125244,-0.6497978568077087,2.3026256561279297,-0.41613152623176575,2.2566113471984863,true,CNAII,E3811

2026-05-06T14:47:13.643Z,1.2024136781692505,0.20347212255001068,1.1350841522216797,0.3812042772769928,0.45625001192092896,0.08707518875598907,0.06122029200196266,0.2942357063293457,-0.2380213439464569,0.7379958033561707,-0.5786557197570801,0.9848411679267883,-0.6320834159851074,1.3544610738754272,-0.7201104164123535,1.642195701599121,-0.9262212514877319,1.8011722564697266,-1.014638066291809,2.039811611175537,-0.82425457239151,2.2822957038879395,-0.9116231203079224,2.1338675022125244,-0.6497978568077087,2.3026256561279297,-0.41613152623176575,2.2566113471984863,true,CNAII,E3811

2026-05-06T14:49:48.962Z,1.2024136781692505,0.20347212255001068,1.1350841522216797,0.3812042772769928,0.45625001192092896,0.08707518875598907,0.06122029200196266,0.2942357063293457,-0.2380213439464569,0.7379958033561707,-0.5786557197570801,0.9848411679267883,-0.6320834159851074,1.3544610738754272,-0.7201104164123535,1.642195701599121,-0.9262212514877319,1.8011722564697266,-1.014638066291809,2.039811611175537,-0.82425457239151,2.2822957038879395,-0.9116231203079224,2.1338675022125244,-0.6497978568077087,2.3026256561279297,-0.41613152623176575,2.2566113471984863,false,CNAII,E3811

2026-05-06T16:31:06.922Z,0,0,0,0,0,0,0,0,0,0,0,0,0,0,0,0,0,0,0,0,0,0,0,0,0,0,0,0,true,CNAIIR1,E3811

2026-05-06T16:31:59.390Z,0,0,0,0,0,0,0,0,0,0,0,0,0,0,0,0,0,0,0,0,0,0,0,0,0,0,-0.5366146564483643,2.428070545196533,true,CNAIIR1,E3811

2026-05-06T16:33:43.155Z,0,0,0,0,0,0,0,0,0,0,0,0,0,0,0,0,0,0,0,0,0,0,0,0,-0.8577749133110046,2.3355674743652344,-0.5366146564483643,2.428070545196533,true,CNAIIR1,E3811

2026-05-06T16:34:52.719Z,0,0,0,0,0,0,0,0,0,0,0,0,0,0,0,0,0,0,0,0,0,0,-0.9834862351417542,2.2343204021453857,-0.8577749133110046,2.3355674743652344,-0.5366146564483643,2.428070545196533,true,CNAIIR1,E3811

2026-05-06T16:36:02.214Z,0,0,0,0,0,0,0,0,0,0,0,0,0,0,0,0,0,0,0,0,-0.8167155385017395,2.420036792755127,-0.9834862351417542,2.2343204021453857,-0.8577749133110046,2.3355674743652344,-0.5366146564483643,2.428070545196533,true,CNAIIR1,E3811

2026-05-06T16:37:12.767Z,0,0,0,0,0,0,0,0,0,0,0,0,0,0,0,0,0,0,-1.1283098459243774,2.086033821105957,-0.8167155385017395,2.420036792755127,-0.9834862351417542,2.2343204021453857,-0.8577749133110046,2.3355674743652344,-0.5366146564483643,2.428070545196533,true,CNAIIR1,E3811

2026-05-06T16:38:24.249Z,0,0,0,0,0,0,0,0,0,0,0,0,0,0,0,0,-0.9969107508659363,1.8130414485931396,-1.1283098459243774,2.086033821105957,-0.8167155385017395,2.420036792755127,-0.9834862351417542,2.2343204021453857,-0.8577749133110046,2.3355674743652344,-0.5366146564483643,2.428070545196533,true,CNAIIR1,E3811

2026-05-06T16:39:34.754Z,0,0,0,0,0,0,0,0,0,0,0,0,0,0,-0.6731008291244507,1.7971761226654053,-0.9969107508659363,1.8130414485931396,-1.1283098459243774,2.086033821105957,-0.8167155385017395,2.420036792755127,-0.9834862351417542,2.2343204021453857,-0.8577749133110046,2.3355674743652344,-0.5366146564483643,2.428070545196533,true,CNAIIR1,E3811

2026-05-06T16:40:45.283Z,0,0,0,0,0,0,0,0,0,0,0,0,-0.7230901122093201,1.338986873626709,-0.6731008291244507,1.7971761226654053,-0.9969107508659363,1.8130414485931396,-1.1283098459243774,2.086033821105957,-0.8167155385017395,2.420036792755127,-0.9834862351417542,2.2343204021453857,-0.8577749133110046,2.3355674743652344,-0.5366146564483643,2.428070545196533,true,CNAIIR1,E3811

2026-05-06T16:41:55.749Z,0,0,0,0,0,0,0,0,0,0,-0.6151838302612305,1.1177223920822144,-0.7230901122093201,1.338986873626709,-0.6731008291244507,1.7971761226654053,-0.9969107508659363,1.8130414485931396,-1.1283098459243774,2.086033821105957,-0.8167155385017395,2.420036792755127,-0.9834862351417542,2.2343204021453857,-0.8577749133110046,2.3355674743652344,-0.5366146564483643,2.428070545196533,true,CNAIIR1,E3811

2026-05-06T16:43:06.320Z,0,0,0,0,0,0,0,0,-0.2312551587820053,0.7355821132659912,-0.6151838302612305,1.1177223920822144,-0.7230901122093201,1.338986873626709,-0.6731008291244507,1.7971761226654053,-0.9969107508659363,1.8130414485931396,-1.1283098459243774,2.086033821105957,-0.8167155385017395,2.420036792755127,-0.9834862351417542,2.2343204021453857,-0.8577749133110046,2.3355674743652344,-0.5366146564483643,2.428070545196533,true,CNAIIR1,E3811

2026-05-06T16:44:16.834Z,0,0,0,0,0,0,0.06388641893863678,0.3394584357738495,-0.2312551587820053,0.7355821132659912,-0.6151838302612305,1.1177223920822144,-0.7230901122093201,1.338986873626709,-0.6731008291244507,1.7971761226654053,-0.9969107508659363,1.8130414485931396,-1.1283098459243774,2.086033821105957,-0.8167155385017395,2.420036792755127,-0.9834862351417542,2.2343204021453857,-0.8577749133110046,2.3355674743652344,-0.5366146564483643,2.428070545196533,true,CNAIIR1,E3811

2026-05-06T16:45:27.354Z,0,0,0,0,0.5460071563720703,0.114276222884655,0.06388641893863678,0.3394584357738495,-0.2312551587820053,0.7355821132659912,-0.6151838302612305,1.1177223920822144,-0.7230901122093201,1.338986873626709,-0.6731008291244507,1.7971761226654053,-0.9969107508659363,1.8130414485931396,-1.1283098459243774,2.086033821105957,-0.8167155385017395,2.420036792755127,-0.9834862351417542,2.2343204021453857,-0.8577749133110046,2.3355674743652344,-0.5366146564483643,2.428070545196533,true,CNAIIR1,E3811

2026-05-06T16:46:37.728Z,0,0,1.1725122928619385,0.38335907459259033,0.5460071563720703,0.114276222884655,0.06388641893863678,0.3394584357738495,-0.2312551587820053,0.7355821132659912,-0.6151838302612305,1.1177223920822144,-0.7230901122093201,1.338986873626709,-0.6731008291244507,1.7971761226654053,-0.9969107508659363,1.8130414485931396,-1.1283098459243774,2.086033821105957,-0.8167155385017395,2.420036792755127,-0.9834862351417542,2.2343204021453857,-0.8577749133110046,2.3355674743652344,-0.5366146564483643,2.428070545196533,true,CNAIIR1,E3811

2026-05-06T16:49:09.775Z,1.3024543523788452,0.24203066527843475,1.1725122928619385,0.38335907459259033,0.5460071563720703,0.114276222884655,0.06388641893863678,0.3394584357738495,-0.2312551587820053,0.7355821132659912,-0.6151838302612305,1.1177223920822144,-0.7230901122093201,1.338986873626709,-0.6731008291244507,1.7971761226654053,-0.9969107508659363,1.8130414485931396,-1.1283098459243774,2.086033821105957,-0.8167155385017395,2.420036792755127,-0.9834862351417542,2.2343204021453857,-0.8577749133110046,2.3355674743652344,-0.5366146564483643,2.428070545196533,true,CNAIIR1,E3811

2026-05-06T16:49:13.773Z,1.21328866481781,0.2054966390132904,1.1725122928619385,0.38335907459259033,0.5460071563720703,0.114276222884655,0.06388641893863678,0.3394584357738495,-0.2312551587820053,0.7355821132659912,-0.6151838302612305,1.1177223920822144,-0.7230901122093201,1.338986873626709,-0.6731008291244507,1.7971761226654053,-0.9969107508659363,1.8130414485931396,-1.1283098459243774,2.086033821105957,-0.8167155385017395,2.420036792755127,-0.9834862351417542,2.2343204021453857,-0.8577749133110046,2.3355674743652344,-0.5366146564483643,2.428070545196533,true,CNAIIR1,E3811

2026-05-06T16:51:48.757Z,1.21328866481781,0.2054966390132904,1.1725122928619385,0.38335907459259033,0.5460071563720703,0.114276222884655,0.06388641893863678,0.3394584357738495,-0.2312551587820053,0.7355821132659912,-0.6151838302612305,1.1177223920822144,-0.7230901122093201,1.338986873626709,-0.6731008291244507,1.7971761226654053,-0.9969107508659363,1.8130414485931396,-1.1283098459243774,2.086033821105957,-0.8167155385017395,2.420036792755127,-0.9834862351417542,2.2343204021453857,-0.8577749133110046,2.3355674743652344,-0.5366146564483643,2.428070545196533,false,CNAIIR1,E3811

2026-05-06T18:25:18.573Z,0,0,0,0,0,0,0,0,0,0,0,0,0,0,0,0,0,0,0,0,0,0,0,0,0,0,0,0,true,CNEAII,E3813

2026-05-06T18:26:10.966Z,0,0,0,0,0,0,0,0,0,0,0,0,0,0,0,0,0,0,0,0,0,0,0,0,0,0,0.651803195476532,-4.669651031494141,true,CNEAII,E3813

2026-05-06T18:27:54.652Z,0,0,0,0,0,0,0,0,0,0,0,0,0,0,0,0,0,0,0,0,0,0,0,0,0.07469215989112854,-5.17993688583374,0.651803195476532,-4.669651031494141,true,CNEAII,E3813

2026-05-06T18:29:04.106Z,0,0,0,0,0,0,0,0,0,0,0,0,0,0,0,0,0,0,0,0,0,0,-0.26206523180007935,-4.7067413330078125,0.07469215989112854,-5.17993688583374,0.651803195476532,-4.669651031494141,true,CNEAII,E3813

2026-05-06T18:30:13.610Z,0,0,0,0,0,0,0,0,0,0,0,0,0,0,0,0,0,0,0,0,-0.3970702588558197,-3.8782174587249756,-0.26206523180007935,-4.7067413330078125,0.07469215989112854,-5.17993688583374,0.651803195476532,-4.669651031494141,true,CNEAII,E3813

2026-05-06T18:31:24.125Z,0,0,0,0,0,0,0,0,0,0,0,0,0,0,0,0,0,0,-0.1988830715417862,-3.3669538497924805,-0.3970702588558197,-3.8782174587249756,-0.26206523180007935,-4.7067413330078125,0.07469215989112854,-5.17993688583374,0.651803195476532,-4.669651031494141,true,CNEAII,E3813

2026-05-06T18:32:34.644Z,0,0,0,0,0,0,0,0,0,0,0,0,0,0,0,0,0.038311686366796494,-2.5756983757019043,-0.1988830715417862,-3.3669538497924805,-0.3970702588558197,-3.8782174587249756,-0.26206523180007935,-4.7067413330078125,0.07469215989112854,-5.17993688583374,0.651803195476532,-4.669651031494141,true,CNEAII,E3813

2026-05-06T18:33:44.222Z,0,0,0,0,0,0,0,0,0,0,0,0,0,0,-0.11061304062604904,-2.2732980251312256,0.038311686366796494,-2.5756983757019043,-0.1988830715417862,-3.3669538497924805,-0.3970702588558197,-3.8782174587249756,-0.26206523180007935,-4.7067413330078125,0.07469215989112854,-5.17993688583374,0.651803195476532,-4.669651031494141,true,CNEAII,E3813

2026-05-06T18:34:54.696Z,0,0,0,0,0,0,0,0,0,0,0,0,-0.6353469491004944,-2.331815004348755,-0.11061304062604904,-2.2732980251312256,0.038311686366796494,-2.5756983757019043,-0.1988830715417862,-3.3669538497924805,-0.3970702588558197,-3.8782174587249756,-0.26206523180007935,-4.7067413330078125,0.07469215989112854,-5.17993688583374,0.651803195476532,-4.669651031494141,true,CNEAII,E3813

2026-05-06T18:36:05.210Z,0,0,0,0,0,0,0,0,0,0,-0.3346279263496399,-2.016298294067383,-0.6353469491004944,-2.331815004348755,-0.11061304062604904,-2.2732980251312256,0.038311686366796494,-2.5756983757019043,-0.1988830715417862,-3.3669538497924805,-0.3970702588558197,-3.8782174587249756,-0.26206523180007935,-4.7067413330078125,0.07469215989112854,-5.17993688583374,0.651803195476532,-4.669651031494141,true,CNEAII,E3813

2026-05-06T18:37:15.729Z,0,0,0,0,0,0,0,0,-0.07132907956838608,-1.7829911708831787,-0.3346279263496399,-2.016298294067383,-0.6353469491004944,-2.331815004348755,-0.11061304062604904,-2.2732980251312256,0.038311686366796494,-2.5756983757019043,-0.1988830715417862,-3.3669538497924805,-0.3970702588558197,-3.8782174587249756,-0.26206523180007935,-4.7067413330078125,0.07469215989112854,-5.17993688583374,0.651803195476532,-4.669651031494141,true,CNEAII,E3813

2026-05-06T18:38:26.167Z,0,0,0,0,0,0,0.11941172927618027,-1.26063072681427,-0.07132907956838608,-1.7829911708831787,-0.3346279263496399,-2.016298294067383,-0.6353469491004944,-2.331815004348755,-0.11061304062604904,-2.2732980251312256,0.038311686366796494,-2.5756983757019043,-0.1988830715417862,-3.3669538497924805,-0.3970702588558197,-3.8782174587249756,-0.26206523180007935,-4.7067413330078125,0.07469215989112854,-5.17993688583374,0.651803195476532,-4.669651031494141,true,CNEAII,E3813

2026-05-06T18:39:36.593Z,0,0,0,0,0.47936952114105225,-0.907918393611908,0.11941172927618027,-1.26063072681427,-0.07132907956838608,-1.7829911708831787,-0.3346279263496399,-2.016298294067383,-0.6353469491004944,-2.331815004348755,-0.11061304062604904,-2.2732980251312256,0.038311686366796494,-2.5756983757019043,-0.1988830715417862,-3.3669538497924805,-0.3970702588558197,-3.8782174587249756,-0.26206523180007935,-4.7067413330078125,0.07469215989112854,-5.17993688583374,0.651803195476532,-4.669651031494141,true,CNEAII,E3813

2026-05-06T18:40:46.196Z,0,0,0.77464359998703,-0.5292492508888245,0.47936952114105225,-0.907918393611908,0.11941172927618027,-1.26063072681427,-0.07132907956838608,-1.7829911708831787,-0.3346279263496399,-2.016298294067383,-0.6353469491004944,-2.331815004348755,-0.11061304062604904,-2.2732980251312256,0.038311686366796494,-2.5756983757019043,-0.1988830715417862,-3.3669538497924805,-0.3970702588558197,-3.8782174587249756,-0.26206523180007935,-4.7067413330078125,0.07469215989112854,-5.17993688583374,0.651803195476532,-4.669651031494141,true,CNEAII,E3813

2026-05-06T18:43:18.173Z,1.060278058052063,-0.510658860206604,0.77464359998703,-0.5292492508888245,0.47936952114105225,-0.907918393611908,0.11941172927618027,-1.26063072681427,-0.07132907956838608,-1.7829911708831787,-0.3346279263496399,-2.016298294067383,-0.6353469491004944,-2.331815004348755,-0.11061304062604904,-2.2732980251312256,0.038311686366796494,-2.5756983757019043,-0.1988830715417862,-3.3669538497924805,-0.3970702588558197,-3.8782174587249756,-0.26206523180007935,-4.7067413330078125,0.07469215989112854,-5.17993688583374,0.651803195476532,-4.669651031494141,true,CNEAII,E3813

2026-05-06T18:43:22.195Z,1.0362125635147095,-0.47340652346611023,0.77464359998703,-0.5292492508888245,0.47936952114105225,-0.907918393611908,0.11941172927618027,-1.26063072681427,-0.07132907956838608,-1.7829911708831787,-0.3346279263496399,-2.016298294067383,-0.6353469491004944,-2.331815004348755,-0.11061304062604904,-2.2732980251312256,0.038311686366796494,-2.5756983757019043,-0.1988830715417862,-3.3669538497924805,-0.3970702588558197,-3.8782174587249756,-0.26206523180007935,-4.7067413330078125,0.07469215989112854,-5.17993688583374,0.651803195476532,-4.669651031494141,true,CNEAII,E3813

2026-05-06T18:45:57.340Z,1.0362125635147095,-0.47340652346611023,0.77464359998703,-0.5292492508888245,0.47936952114105225,-0.907918393611908,0.11941172927618027,-1.26063072681427,-0.07132907956838608,-1.7829911708831787,-0.3346279263496399,-2.016298294067383,-0.6353469491004944,-2.331815004348755,-0.11061304062604904,-2.2732980251312256,0.038311686366796494,-2.5756983757019043,-0.1988830715417862,-3.3669538497924805,-0.3970702588558197,-3.8782174587249756,-0.26206523180007935,-4.7067413330078125,0.07469215989112854,-5.17993688583374,0.651803195476532,-4.669651031494141,false,CNEAII,E3813

2026-05-06T20:33:16.381Z,1.0362125635147095,-0.47340652346611023,0.77464359998703,-0.5292492508888245,0.47936952114105225,-0.907918393611908,0.11941172927618027,-1.26063072681427,-0.07132907956838608,-1.7829911708831787,-0.3346279263496399,-2.016298294067383,-0.6353469491004944,-2.331815004348755,-0.11061304062604904,-2.2732980251312256,0.038311686366796494,-2.5756983757019043,-0.1988830715417862,-3.3669538497924805,-0.3970702588558197,-3.8782174587249756,-0.26206523180007935,-4.7067413330078125,0.07469215989112854,-5.17993688583374,0.651803195476532,-4.669651031494141,false,CNEAII,E3813

2026-05-06T20:35:37.354Z,1.0362125635147095,-0.47340652346611023,0.77464359998703,-0.5292492508888245,0.47936952114105225,-0.907918393611908,0.11941172927618027,-1.26063072681427,-0.07132907956838608,-1.7829911708831787,-0.3346279263496399,-2.016298294067383,-0.6353469491004944,-2.331815004348755,-0.11061304062604904,-2.2732980251312256,0.038311686366796494,-2.5756983757019043,-0.1988830715417862,-3.3669538497924805,-0.3970702588558197,-3.8782174587249756,-0.26206523180007935,-4.7067413330078125,0.07469215989112854,-5.17993688583374,0.651803195476532,-4.669651031494141,false,CNEAII,E3813

2026-05-06T20:35:56.678Z,1.0362125635147095,-0.47340652346611023,0.77464359998703,-0.5292492508888245,0.47936952114105225,-0.907918393611908,0.11941172927618027,-1.26063072681427,-0.07132907956838608,-1.7829911708831787,-0.3346279263496399,-2.016298294067383,-0.6353469491004944,-2.331815004348755,-0.11061304062604904,-2.2732980251312256,0.038311686366796494,-2.5756983757019043,-0.1988830715417862,-3.3669538497924805,-0.3970702588558197,-3.8782174587249756,-0.26206523180007935,-4.7067413330078125,0.07469215989112854,-5.17993688583374,0.651803195476532,-4.669651031494141,false,CNEAII,E3813

