datetime,CicloActivo,ReiniciarCiclo,AbortarCiclo,FinCiclo,ID_Control,Nombre_Control,ID_EC,NombreCiclo
2026-05-22T00:00:00Z,true,false,false,false,,,E3832,CNAII

2026-05-22T00:00:05Z,true,false,false,false,001F,,E3832,CNAII

2026-05-22T00:00:10Z,true,false,false,false,002F,,E3832,CNAII

2026-05-22T00:00:15Z,true,false,false,false,003F,,E3832,CNAII

2026-05-22T00:00:20Z,true,false,false,false,100L,,E3832,CNAII

2026-05-22T00:00:25Z,true,false,false,false,101L,,E3832,CNAII

2026-05-22T00:00:30Z,true,false,false,false,102L,,E3832,CNAII

2026-05-22T00:00:35Z,true,false,false,false,103L,,E3832,CNAII

2026-05-22T00:00:40Z,true,false,false,false,104F,,E3832,CNAII

2026-05-22T00:00:45Z,true,false,false,false,105F,,E3832,CNAII

2026-05-22T00:00:50Z,true,false,false,false,106F,,E3832,CNAII

2026-05-22T00:00:55Z,true,false,false,false,107F,,E3832,CNAII

2026-05-22T00:01:00Z,true,false,false,false,108F,,E3832,CNAII

2026-05-22T00:01:05Z,true,false,false,false,109F,,E3832,CNAII

2026-05-22T00:01:10Z,true,false,false,false,10F,,E3832,CNAII

2026-05-22T00:01:15Z,true,false,false,false,111F,,E3832,CNAII

2026-05-22T00:01:20Z,true,false,false,false,112F,,E3832,CNAII

2026-05-22T00:01:25Z,true,false,false,false,113F,,E3832,CNAII

2026-05-22T00:01:30Z,true,false,false,false,114L,,E3832,CNAII

2026-05-22T00:01:35Z,true,false,false,false,115L,,E3832,CNAII

2026-05-22T00:01:40Z,true,false,false,false,116L,,E3832,CNAII

2026-05-22T00:01:45Z,true,false,false,false,117L,,E3832,CNAII

2026-05-22T00:01:50Z,true,false,false,false,118L,,E3832,CNAII

2026-05-22T00:01:55Z,true,false,false,false,119F,,E3832,CNAII

2026-05-22T00:02:00Z,true,false,false,false,11F,,E3832,CNAII

2026-05-22T00:02:05Z,true,false,false,false,120F,,E3832,CNAII

2026-05-22T00:02:10Z,true,false,false,false,121F,,E3832,CNAII

2026-05-22T00:02:15Z,true,false,false,false,122F,,E3832,CNAII

2026-05-22T00:02:20Z,true,false,false,false,123F,,E3832,CNAII

2026-05-22T00:02:25Z,true,false,false,false,124F,,E3832,CNAII

2026-05-22T00:02:30Z,true,false,false,false,126F,,E3832,CNAII

2026-05-22T00:02:35Z,true,false,false,false,127F,,E3832,CNAII

2026-05-22T00:02:40Z,true,false,false,false,128F,,E3832,CNAII

2026-05-22T00:02:45Z,true,false,false,false,129L,,E3832,CNAII

2026-05-22T00:02:50Z,true,false,false,false,12F,,E3832,CNAII

2026-05-22T00:02:55Z,true,false,false,false,130L,,E3832,CNAII

2026-05-22T00:03:00Z,true,false,false,false,131L,,E3832,CNAII

2026-05-22T00:03:05Z,true,false,false,false,132L,,E3832,CNAII

2026-05-22T00:03:10Z,true,false,false,false,133L,,E3832,CNAII

2026-05-22T00:03:15Z,true,false,false,false,134F,,E3832,CNAII

2026-05-22T00:03:20Z,true,false,false,false,135F,,E3832,CNAII

2026-05-22T00:03:25Z,true,false,false,false,136F,,E3832,CNAII

2026-05-22T00:03:30Z,true,false,false,false,137F,,E3832,CNAII

2026-05-22T00:03:35Z,true,false,false,false,138F,,E3832,CNAII

2026-05-22T00:03:40Z,true,false,false,false,139F,,E3832,CNAII

2026-05-22T00:03:45Z,true,false,false,false,13L,,E3832,CNAII

2026-05-22T00:03:50Z,true,false,false,false,141F,,E3832,CNAII

2026-05-22T00:03:55Z,true,false,false,false,142F,,E3832,CNAII

2026-05-22T00:04:00Z,true,false,false,false,143F,,E3832,CNAII

2026-05-22T00:04:05Z,true,false,false,false,144L,,E3832,CNAII

2026-05-22T00:04:10Z,true,false,false,false,145L,,E3832,CNAII

2026-05-22T00:04:15Z,true,false,false,false,146L,,E3832,CNAII

2026-05-22T00:04:20Z,true,false,false,false,147L,,E3832,CNAII

2026-05-22T00:04:25Z,true,false,false,false,148L,,E3832,CNAII

2026-05-22T00:04:30Z,true,false,false,false,149F,,E3832,CNAII

2026-05-22T00:04:35Z,true,false,false,false,14L,,E3832,CNAII

2026-05-22T00:04:40Z,true,false,false,false,150F,,E3832,CNAII

2026-05-22T00:04:45Z,true,false,false,false,151F,,E3832,CNAII

2026-05-22T00:04:50Z,true,false,false,false,152F,,E3832,CNAII

2026-05-22T00:04:55Z,true,false,false,false,153F,,E3832,CNAII

2026-05-22T00:05:00Z,true,false,false,false,154F,,E3832,CNAII

2026-05-22T00:05:05Z,true,false,false,false,156F,,E3832,CNAII

2026-05-22T00:05:10Z,true,false,false,false,157F,,E3832,CNAII

2026-05-22T00:05:15Z,true,false,false,false,158F,,E3832,CNAII

2026-05-22T00:05:20Z,true,false,false,false,159L,,E3832,CNAII

2026-05-22T00:05:25Z,true,false,false,false,15L,,E3832,CNAII

2026-05-22T00:05:30Z,true,false,false,false,160L,,E3832,CNAII

2026-05-22T00:05:35Z,true,false,false,false,161L,,E3832,CNAII

2026-05-22T00:05:40Z,true,false,false,false,162L,,E3832,CNAII

2026-05-22T00:05:45Z,true,false,false,false,163L,,E3832,CNAII

2026-05-22T00:05:50Z,true,false,false,false,164F,,E3832,CNAII

2026-05-22T00:05:55Z,true,false,false,false,165F,,E3832,CNAII

2026-05-22T00:06:00Z,true,false,false,false,166F,,E3832,CNAII

2026-05-22T00:06:05Z,true,false,false,false,167F,,E3832,CNAII

2026-05-22T00:06:10Z,true,false,false,false,168F,,E3832,CNAII

2026-05-22T00:06:15Z,true,false,false,false,169F,,E3832,CNAII

2026-05-22T00:06:20Z,true,false,false,false,16L,,E3832,CNAII

2026-05-22T00:06:25Z,true,false,false,false,171F,,E3832,CNAII

2026-05-22T00:06:30Z,true,false,false,false,172F,,E3832,CNAII

2026-05-22T00:06:35Z,true,false,false,false,173F,,E3832,CNAII

2026-05-22T00:06:40Z,true,false,false,false,174L,,E3832,CNAII

2026-05-22T00:06:45Z,true,false,false,false,175L,,E3832,CNAII

2026-05-22T00:06:50Z,true,false,false,false,176L,,E3832,CNAII

2026-05-22T00:06:55Z,true,false,false,false,177L,,E3832,CNAII

2026-05-22T00:07:00Z,true,false,false,false,178L,,E3832,CNAII

2026-05-22T00:07:05Z,true,false,false,false,179F,,E3832,CNAII

2026-05-22T00:07:10Z,true,false,false,false,17L,,E3832,CNAII

2026-05-22T00:07:15Z,true,false,false,false,180F,,E3832,CNAII

2026-05-22T00:07:20Z,true,false,false,false,181F,,E3832,CNAII

2026-05-22T00:07:25Z,true,false,false,false,182F,,E3832,CNAII

2026-05-22T00:07:30Z,true,false,false,false,183F,,E3832,CNAII

2026-05-22T00:07:35Z,true,false,false,false,184F,,E3832,CNAII

2026-05-22T00:07:40Z,true,false,false,false,186F,,E3832,CNAII

2026-05-22T00:07:45Z,true,false,false,false,187F,,E3832,CNAII

2026-05-22T00:07:50Z,true,false,false,false,188F,,E3832,CNAII

2026-05-22T00:07:55Z,true,false,false,false,189L,,E3832,CNAII

2026-05-22T00:08:00Z,true,false,false,false,18L,,E3832,CNAII

2026-05-22T00:08:05Z,true,false,false,false,190L,,E3832,CNAII

2026-05-22T00:08:10Z,true,false,false,false,191L,,E3832,CNAII

2026-05-22T00:08:15Z,true,false,false,false,192L,,E3832,CNAII

2026-05-22T00:08:20Z,true,false,false,false,193L,,E3832,CNAII

2026-05-22T00:08:25Z,true,false,false,false,194F,,E3832,CNAII

2026-05-22T00:08:30Z,true,false,false,false,195F,,E3832,CNAII

2026-05-22T00:08:35Z,true,false,false,false,196F,,E3832,CNAII

2026-05-22T00:08:40Z,true,false,false,false,197F,,E3832,CNAII

2026-05-22T00:08:45Z,true,false,false,false,198F,,E3832,CNAII

2026-05-22T00:08:50Z,true,false,false,false,199F,,E3832,CNAII

2026-05-22T00:08:55Z,true,false,false,false,19L,,E3832,CNAII

2026-05-22T00:09:00Z,true,false,false,false,1F,,E3832,CNAII

2026-05-22T00:09:05Z,true,false,false,false,201F,,E3832,CNAII

2026-05-22T00:09:10Z,true,false,false,false,202F,,E3832,CNAII

2026-05-22T00:09:15Z,true,false,false,false,203F,,E3832,CNAII

2026-05-22T00:09:20Z,true,false,false,false,210F,,E3832,CNAII

2026-05-22T00:09:25Z,true,false,false,false,211F,,E3832,CNAII

2026-05-22T00:09:30Z,true,false,false,false,212L,,E3832,CNAII

2026-05-22T00:09:35Z,true,false,false,false,213L,,E3832,CNAII

2026-05-22T00:09:40Z,true,false,false,false,214L,,E3832,CNAII

2026-05-22T00:09:45Z,true,false,false,false,216L,,E3832,CNAII

2026-05-22T00:09:50Z,true,false,false,false,217L,,E3832,CNAII

2026-05-22T00:09:55Z,true,false,false,false,218L,,E3832,CNAII

2026-05-22T00:10:00Z,true,false,false,false,222L,,E3832,CNAII

2026-05-22T00:10:05Z,true,false,false,false,223L,,E3832,CNAII

2026-05-22T00:10:10Z,true,false,false,false,224L,,E3832,CNAII

2026-05-22T00:10:15Z,true,false,false,false,225L,,E3832,CNAII

2026-05-22T00:10:20Z,true,false,false,false,226L,,E3832,CNAII

2026-05-22T00:10:25Z,true,false,false,false,227L,,E3832,CNAII

2026-05-22T00:10:30Z,true,false,false,false,228L,,E3832,CNAII

2026-05-22T00:10:35Z,true,false,false,false,229L,,E3832,CNAII

2026-05-22T00:10:40Z,true,false,false,false,230L,,E3832,CNAII

2026-05-22T00:10:45Z,true,false,false,false,231L,,E3832,CNAII

2026-05-22T00:10:50Z,true,false,false,false,232L,,E3832,CNAII

2026-05-22T00:10:55Z,true,false,false,false,233L,,E3832,CNAII

2026-05-22T00:11:00Z,true,false,false,false,240F,,E3832,CNAII

2026-05-22T00:11:05Z,true,false,false,false,241F,,E3832,CNAII

2026-05-22T00:11:10Z,true,false,false,false,242F,,E3832,CNAII

2026-05-22T00:11:15Z,true,false,false,false,24L,,E3832,CNAII

2026-05-22T00:11:20Z,true,false,false,false,25L,,E3832,CNAII

2026-05-22T00:11:25Z,true,false,false,false,26L,,E3832,CNAII

2026-05-22T00:11:30Z,true,false,false,false,27L,,E3832,CNAII

2026-05-22T00:11:35Z,true,false,false,false,28L,,E3832,CNAII

2026-05-22T00:11:40Z,true,false,false,false,29F,,E3832,CNAII

2026-05-22T00:11:45Z,true,false,false,false,2F,,E3832,CNAII

2026-05-22T00:11:50Z,true,false,false,false,30F,,E3832,CNAII

2026-05-22T00:11:55Z,true,false,false,false,31F,,E3832,CNAII

2026-05-22T00:12:00Z,true,false,false,false,32F,,E3832,CNAII

2026-05-22T00:12:05Z,true,false,false,false,33F,,E3832,CNAII

2026-05-22T00:12:10Z,true,false,false,false,34F,,E3832,CNAII

2026-05-22T00:12:15Z,true,false,false,false,36F,,E3832,CNAII

2026-05-22T00:12:20Z,true,false,false,false,37F,,E3832,CNAII

2026-05-22T00:12:25Z,true,false,false,false,38F,,E3832,CNAII

2026-05-22T00:12:30Z,true,false,false,false,39L,,E3832,CNAII

2026-05-22T00:12:35Z,true,false,false,false,3F,,E3832,CNAII

2026-05-22T00:12:40Z,true,false,false,false,40L,,E3832,CNAII

2026-05-22T00:12:45Z,true,false,false,false,41L,,E3832,CNAII

2026-05-22T00:12:50Z,true,false,false,false,42L,,E3832,CNAII

2026-05-22T00:12:55Z,true,false,false,false,43L,,E3832,CNAII

2026-05-22T00:13:00Z,true,false,false,false,44F,,E3832,CNAII

2026-05-22T00:13:05Z,true,false,false,false,45F,,E3832,CNAII

2026-05-22T00:13:10Z,true,false,false,false,46F,,E3832,CNAII

2026-05-22T00:13:15Z,true,false,false,false,47F,,E3832,CNAII

2026-05-22T00:13:20Z,true,false,false,false,48F,,E3832,CNAII

2026-05-22T00:13:25Z,true,false,false,false,49F,,E3832,CNAII

2026-05-22T00:13:30Z,true,false,false,false,4F,,E3832,CNAII

2026-05-22T00:13:35Z,true,false,false,false,51F,,E3832,CNAII

2026-05-22T00:13:40Z,true,false,false,false,52F,,E3832,CNAII

2026-05-22T00:13:45Z,true,false,false,false,53F,,E3832,CNAII

2026-05-22T00:13:50Z,true,false,false,false,54L,,E3832,CNAII

2026-05-22T00:13:55Z,true,false,false,false,55L,,E3832,CNAII

2026-05-22T00:14:00Z,true,false,false,false,56L,,E3832,CNAII

2026-05-22T00:14:05Z,true,false,false,false,57L,,E3832,CNAII

2026-05-22T00:14:10Z,true,false,false,false,58L,,E3832,CNAII

2026-05-22T00:14:15Z,true,false,false,false,59F,,E3832,CNAII

2026-05-22T00:14:20Z,true,false,false,false,5F,,E3832,CNAII

2026-05-22T00:14:25Z,true,false,false,false,60F,,E3832,CNAII

2026-05-22T00:14:30Z,true,false,false,false,61F,,E3832,CNAII

2026-05-22T00:14:35Z,true,false,false,false,62F,,E3832,CNAII

2026-05-22T00:14:40Z,true,false,false,false,63F,,E3832,CNAII

2026-05-22T00:14:45Z,true,false,false,false,64F,,E3832,CNAII

2026-05-22T00:14:50Z,true,false,false,false,66F,,E3832,CNAII

2026-05-22T00:14:55Z,true,false,false,false,67F,,E3832,CNAII

2026-05-22T00:15:00Z,true,false,false,false,68F,,E3832,CNAII

2026-05-22T00:15:05Z,true,false,false,false,69L,,E3832,CNAII

2026-05-22T00:15:10Z,true,false,false,false,6F,,E3832,CNAII

2026-05-22T00:15:15Z,true,false,false,false,70L,,E3832,CNAII

2026-05-22T00:15:20Z,true,false,false,false,71L,,E3832,CNAII

2026-05-22T00:15:25Z,true,false,false,false,72L,,E3832,CNAII

2026-05-22T00:15:30Z,true,false,false,false,73L,,E3832,CNAII

2026-05-22T00:15:35Z,true,false,false,false,74F,,E3832,CNAII

2026-05-22T00:15:40Z,true,false,false,false,75F,,E3832,CNAII

2026-05-22T00:15:45Z,true,false,false,false,76F,,E3832,CNAII

2026-05-22T00:15:50Z,true,false,false,false,77F,,E3832,CNAII

2026-05-22T00:15:55Z,true,false,false,false,78F,,E3832,CNAII

2026-05-22T00:16:00Z,true,false,false,false,79F,,E3832,CNAII

2026-05-22T00:16:05Z,true,false,false,false,7F,,E3832,CNAII

2026-05-22T00:16:10Z,true,false,false,false,81F,,E3832,CNAII

2026-05-22T00:16:15Z,true,false,false,false,82F,,E3832,CNAII

2026-05-22T00:16:20Z,true,false,false,false,83F,,E3832,CNAII

2026-05-22T00:16:25Z,true,false,false,false,84L,,E3832,CNAII

2026-05-22T00:16:30Z,true,false,false,false,85L,,E3832,CNAII

2026-05-22T00:16:35Z,true,false,false,false,86L,,E3832,CNAII

2026-05-22T00:16:40Z,true,false,false,false,87L,,E3832,CNAII

2026-05-22T00:16:45Z,true,false,false,false,88L,,E3832,CNAII

2026-05-22T00:16:50Z,true,false,false,false,89F,,E3832,CNAII

2026-05-22T00:16:55Z,true,false,false,false,90F,,E3832,CNAII

2026-05-22T00:17:00Z,true,false,false,false,91F,,E3832,CNAII

2026-05-22T00:17:05Z,true,false,false,false,92F,,E3832,CNAII

2026-05-22T00:17:10Z,true,false,false,false,93F,,E3832,CNAII

2026-05-22T00:17:15Z,true,false,false,false,94F,,E3832,CNAII

2026-05-22T00:17:20Z,true,false,false,false,96F,,E3832,CNAII

2026-05-22T00:17:25Z,true,false,false,false,97F,,E3832,CNAII

2026-05-22T00:17:30Z,true,false,false,false,98F,,E3832,CNAII

2026-05-22T00:17:35Z,true,false,false,false,99L,,E3832,CNAII

2026-05-22T00:17:40Z,true,false,false,false,9F,,E3832,CNAII

2026-05-22T00:17:45Z,true,false,false,false,Col,,E3832,CNAII

2026-05-22T00:17:50Z,true,false,false,false,Perf,,E3832,CNAII

2026-05-22T00:17:55Z,true,false,false,false,tesF,,E3832,CNAII

2026-05-22T00:18:00Z,true,false,false,false,tesF,,E3832,CNAII

2026-05-22T00:18:05Z,true,false,false,false,tesF,,E3832,CNAII

2026-05-22T00:18:10Z,true,false,false,false,tesF,,E3832,CNAII

2026-05-22T00:18:15Z,true,false,false,false,tesF,,E3832,CNAII

2026-05-22T00:18:20Z,true,false,false,false,tesF,,E3832,CNAII

2026-05-22T00:18:25Z,true,false,false,false,tesF,,E3832,CNAII

2026-05-22T00:18:30Z,true,false,false,false,tesF,,E3832,CNAII

2026-05-22T00:18:35Z,true,false,false,false,tesF,,E3832,CNAII

2026-05-22T00:18:40Z,true,false,false,false,tesF,,E3832,CNAII

2026-05-22T00:18:45Z,true,false,false,false,tesF,,E3832,CNAII

2026-05-22T00:18:50Z,true,false,false,false,tesF,,E3832,CNAII

2026-05-22T00:18:55Z,true,false,false,false,tesF,,E3832,CNAII

2026-05-22T00:19:00Z,true,false,false,false,tesF,,E3832,CNAII

2026-05-22T00:19:05Z,true,false,false,false,tesF,,E3832,CNAII

2026-05-22T00:19:10Z,true,false,false,false,tesF,,E3832,CNAII

2026-05-22T00:19:15Z,true,false,false,false,tesL,,E3832,CNAII

2026-05-22T00:19:20Z,true,false,false,false,tesL,,E3832,CNAII

2026-05-22T00:19:25Z,true,false,false,false,tesL,,E3832,CNAII

2026-05-22T00:19:30Z,true,false,false,false,tesL,,E3832,CNAII

2026-05-22T00:19:35Z,true,false,false,false,tesL,,E3832,CNAII

2026-05-22T00:19:40Z,true,false,false,false,tesL,,E3832,CNAII

2026-05-22T00:19:45Z,true,false,false,false,tesL,,E3832,CNAII

2026-05-22T00:19:50Z,true,false,false,false,tesL,,E3832,CNAII

2026-05-22T00:19:55Z,true,false,false,false,tesL,,E3832,CNAII

2026-05-22T00:20:00Z,true,false,false,false,tesL,,E3832,CNAII

2026-05-22T00:20:05Z,true,false,false,false,tesL,,E3832,CNAII

2026-05-22T00:20:10Z,true,false,false,false,tesL,,E3832,CNAII

2026-05-22T00:20:15Z,true,false,false,false,tesL,,E3832,CNAII

2026-05-22T00:20:20Z,true,false,false,false,tesL,,E3832,CNAII

2026-05-22T00:20:25Z,true,false,false,false,tesL,,E3832,CNAII

2026-05-22T00:20:30Z,true,false,false,false,tesL,,E3832,CNAII

2026-05-22T00:20:35Z,true,false,false,false,tesL,,E3832,CNAII

2026-05-22T00:20:40Z,false,false,false,true,,,E3832,CNAII

